id,name,repeat+AF8-id,batch+AF8-size,learning+AF8-rate,env+AF8-name,epsilon+AF8-decay,debug,is+AF8-curiosity,episode,e+AF8-score,e+AF8-score+AF8-min,e+AF8-score+AF8-max,score+AF8-avg,score+AF8-best,loss,,,,,,,,,,,,,,,,,,
418,apr+AF8-28+AF8-cart+AF8-pole+AF8-grid+AF8-42+AF8-418,42,64,0.1,CartPole+AC0-v0,0.0001,False,False,50,33,1,1,23.46,64,3.56332419135354,,,,,,,,,,,,,,,,,,
308,apr+AF8-28+AF8-cart+AF8-pole+AF8-grid+AF8-31+AF8-308,31,32,0.001,CartPole+AC0-v0,0.0001,False,False,50,26,1,1,22.32,60,3.4152270417947,,,,,,,,,,,,,,,,,,
355,apr+AF8-28+AF8-cart+AF8-pole+AF8-grid+AF8-36+AF8-355,36,32,0.1,CartPole+AC0-v0,0.01,False,False,50,13,1,1,12.28,41,1.77955690714029,,,,,,,,,,,,,,,,,,
294,apr+AF8-28+AF8-cart+AF8-pole+AF8-grid+AF8-30+AF8-294,30,32,0.1,CartPole+AC0-v0,0.001,False,False,50,74,1,1,23.34,104,2.49471767166176,,,,,,,,,,,,,,,,,,
356,apr+AF8-28+AF8-cart+AF8-pole+AF8-grid+AF8-36+AF8-356,36,32,0.1,CartPole+AC0-v0,0.01,False,False,50,51,1,1,16.34,51,3.65418469905853,,,,,,,,,,,,,,,,,,
296,apr+AF8-28+AF8-cart+AF8-pole+AF8-grid+AF8-30+AF8-296,30,32,0.1,CartPole+AC0-v0,0.001,False,False,50,35,1,1,25.16,76,3.22920012814658,,,,,,,,,,,,,,,,,,
306,apr+AF8-28+AF8-cart+AF8-pole+AF8-grid+AF8-31+AF8-306,31,32,0.001,CartPole+AC0-v0,0.0001,False,False,50,33,1,1,23.6,75,2.40284341844645,,,,,,,,,,,,,,,,,,
292,apr+AF8-28+AF8-cart+AF8-pole+AF8-grid+AF8-30+AF8-292,30,32,0.1,CartPole+AC0-v0,0.001,False,False,50,13,1,1,30,114,2.92547545066247,,,,,,,,,,,,,,,,,,
301,apr+AF8-28+AF8-cart+AF8-pole+AF8-grid+AF8-31+AF8-301,31,32,0.001,CartPole+AC0-v0,0.0001,False,False,50,25,1,1,24.56,64,3.14139355421066,,,,,,,,,,,,,,,,,,
359,apr+AF8-28+AF8-cart+AF8-pole+AF8-grid+AF8-36+AF8-359,36,32,0.1,CartPole+AC0-v0,0.01,False,False,50,22,1,1,14.96,37,1.98583995483138,,,,,,,,,,,,,,,,,,
281,apr+AF8-28+AF8-cart+AF8-pole+AF8-grid+AF8-29+AF8-281,29,32,0.01,CartPole+AC0-v0,0.001,False,False,50,58,1,1,26.4,121,4.41631233178336,,,,,,,,,,,,,,,,,,
309,apr+AF8-28+AF8-cart+AF8-pole+AF8-grid+AF8-31+AF8-309,31,32,0.001,CartPole+AC0-v0,0.0001,False,False,50,15,1,1,25.78,81,3.64246686299642,,,,,,,,,,,,,,,,,,
283,apr+AF8-28+AF8-cart+AF8-pole+AF8-grid+AF8-29+AF8-283,29,32,0.01,CartPole+AC0-v0,0.001,False,False,50,32,1,1,25.16,98,3.30434565804899,,,,,,,,,,,,,,,,,,
353,apr+AF8-28+AF8-cart+AF8-pole+AF8-grid+AF8-36+AF8-353,36,32,0.1,CartPole+AC0-v0,0.01,False,False,50,12,1,1,17.52,63,2.92249538501104,,,,,,,,,,,,,,,,,,
351,apr+AF8-28+AF8-cart+AF8-pole+AF8-grid+AF8-36+AF8-351,36,32,0.1,CartPole+AC0-v0,0.01,False,False,50,58,1,1,19.92,58,3.516280726626,,,,,,,,,,,,,,,,,,
361,apr+AF8-28+AF8-cart+AF8-pole+AF8-grid+AF8-37+AF8-361,37,64,0.001,CartPole+AC0-v0,0.001,False,False,50,13,1,1,15.92,36,3.91589170235854,,,,,,,,,,,,,,,,,,
354,apr+AF8-28+AF8-cart+AF8-pole+AF8-grid+AF8-36+AF8-354,36,32,0.1,CartPole+AC0-v0,0.01,False,False,50,14,1,1,20.2,81,2.82500152076994,,,,,,,,,,,,,,,,,,
362,apr+AF8-28+AF8-cart+AF8-pole+AF8-grid+AF8-37+AF8-362,37,64,0.001,CartPole+AC0-v0,0.001,False,False,50,12,1,1,15.54,51,2.7059633632501,,,,,,,,,,,,,,,,,,
357,apr+AF8-28+AF8-cart+AF8-pole+AF8-grid+AF8-36+AF8-357,36,32,0.1,CartPole+AC0-v0,0.01,False,False,50,50,1,1,30.88,106,10.1316863536835,,,,,,,,,,,,,,,,,,
332,apr+AF8-28+AF8-cart+AF8-pole+AF8-grid+AF8-34+AF8-332,34,32,0.001,CartPole+AC0-v0,0.01,False,False,50,10,1,1,10.34,21,2.39800646305084,,,,,,,,,,,,,,,,,,
338,apr+AF8-28+AF8-cart+AF8-pole+AF8-grid+AF8-34+AF8-338,34,32,0.001,CartPole+AC0-v0,0.01,False,False,50,9,1,1,10.36,19,2.45551396740807,,,,,,,,,,,,,,,,,,
335,apr+AF8-28+AF8-cart+AF8-pole+AF8-grid+AF8-34+AF8-335,34,32,0.001,CartPole+AC0-v0,0.01,False,False,50,9,1,1,10.44,30,1.80500094095866,,,,,,,,,,,,,,,,,,
339,apr+AF8-28+AF8-cart+AF8-pole+AF8-grid+AF8-34+AF8-339,34,32,0.001,CartPole+AC0-v0,0.01,False,False,50,8,1,1,10.32,33,2.15121424198151,,,,,,,,,,,,,,,,,,
337,apr+AF8-28+AF8-cart+AF8-pole+AF8-grid+AF8-34+AF8-337,34,32,0.001,CartPole+AC0-v0,0.01,False,False,50,8,1,1,10.24,28,2.32664800435305,,,,,,,,,,,,,,,,,,
336,apr+AF8-28+AF8-cart+AF8-pole+AF8-grid+AF8-34+AF8-336,34,32,0.001,CartPole+AC0-v0,0.01,False,False,50,10,1,1,10.68,36,2.06827858686447,,,,,,,,,,,,,,,,,,
334,apr+AF8-28+AF8-cart+AF8-pole+AF8-grid+AF8-34+AF8-334,34,32,0.001,CartPole+AC0-v0,0.01,False,False,50,9,1,1,10.38,31,2.18786174721188,,,,,,,,,,,,,,,,,,
333,apr+AF8-28+AF8-cart+AF8-pole+AF8-grid+AF8-34+AF8-333,34,32,0.001,CartPole+AC0-v0,0.01,False,False,50,11,1,1,10.52,29,1.16762218692086,,,,,,,,,,,,,,,,,,
360,apr+AF8-28+AF8-cart+AF8-pole+AF8-grid+AF8-36+AF8-360,36,32,0.1,CartPole+AC0-v0,0.01,False,False,50,41,1,1,33.3,125,3.64293445828484,,,,,,,,,,,,,,,,,,
289,apr+AF8-28+AF8-cart+AF8-pole+AF8-grid+AF8-29+AF8-289,29,32,0.01,CartPole+AC0-v0,0.001,False,False,50,50,1,1,43.34,183,4.32768547981978,,,,,,,,,,,,,,,,,,
340,apr+AF8-28+AF8-cart+AF8-pole+AF8-grid+AF8-34+AF8-340,34,32,0.001,CartPole+AC0-v0,0.01,False,False,50,10,1,1,10.62,34,1.49933448433876,,,,,,,,,,,,,,,,,,
364,apr+AF8-28+AF8-cart+AF8-pole+AF8-grid+AF8-37+AF8-364,37,64,0.001,CartPole+AC0-v0,0.001,False,False,50,17,1,1,16.84,70,2.31061709628386,,,,,,,,,,,,,,,,,,
363,apr+AF8-28+AF8-cart+AF8-pole+AF8-grid+AF8-37+AF8-363,37,64,0.001,CartPole+AC0-v0,0.001,False,False,50,45,1,1,18.7,50,2.60551765759786,,,,,,,,,,,,,,,,,,
342,apr+AF8-28+AF8-cart+AF8-pole+AF8-grid+AF8-35+AF8-342,35,32,0.01,CartPole+AC0-v0,0.01,False,False,50,11,1,1,11.52,28,1.85068985548886,,,,,,,,,,,,,,,,,,
331,apr+AF8-28+AF8-cart+AF8-pole+AF8-grid+AF8-34+AF8-331,34,32,0.001,CartPole+AC0-v0,0.01,False,False,50,11,1,1,17.36,64,2.40230544046922,,,,,,,,,,,,,,,,,,
346,apr+AF8-28+AF8-cart+AF8-pole+AF8-grid+AF8-35+AF8-346,35,32,0.01,CartPole+AC0-v0,0.01,False,False,50,33,1,1,14.26,50,2.30804071823756,,,,,,,,,,,,,,,,,,
341,apr+AF8-28+AF8-cart+AF8-pole+AF8-grid+AF8-35+AF8-341,35,32,0.01,CartPole+AC0-v0,0.01,False,False,50,15,1,1,19.7,68,3.43544453382492,,,,,,,,,,,,,,,,,,
414,apr+AF8-28+AF8-cart+AF8-pole+AF8-grid+AF8-42+AF8-414,42,64,0.1,CartPole+AC0-v0,0.0001,False,False,50,19,1,1,19.82,74,2.97988518288261,,,,,,,,,,,,,,,,,,
415,apr+AF8-28+AF8-cart+AF8-pole+AF8-grid+AF8-42+AF8-415,42,64,0.1,CartPole+AC0-v0,0.0001,False,False,50,15,1,1,19.64,46,3.83757562637329,,,,,,,,,,,,,,,,,,
411,apr+AF8-28+AF8-cart+AF8-pole+AF8-grid+AF8-42+AF8-411,42,64,0.1,CartPole+AC0-v0,0.0001,False,False,50,14,1,1,19.82,43,3.32031039680753,,,,,,,,,,,,,,,,,,
440,apr+AF8-28+AF8-cart+AF8-pole+AF8-grid+AF8-44+AF8-440,44,64,0.01,CartPole+AC0-v0,0.01,False,False,50,8,1,1,10.96,45,3.75113356113434,,,,,,,,,,,,,,,,,,
416,apr+AF8-28+AF8-cart+AF8-pole+AF8-grid+AF8-42+AF8-416,42,64,0.1,CartPole+AC0-v0,0.0001,False,False,50,18,1,1,22.04,47,2.8686640130149,,,,,,,,,,,,,,,,,,
403,apr+AF8-28+AF8-cart+AF8-pole+AF8-grid+AF8-41+AF8-403,41,64,0.01,CartPole+AC0-v0,0.0001,False,False,50,44,1,1,21.24,48,1.9131469713016,,,,,,,,,,,,,,,,,,
422,apr+AF8-28+AF8-cart+AF8-pole+AF8-grid+AF8-43+AF8-422,43,64,0.001,CartPole+AC0-v0,0.01,False,False,50,13,1,1,10.92,50,2.44017898119413,,,,,,,,,,,,,,,,,,
426,apr+AF8-28+AF8-cart+AF8-pole+AF8-grid+AF8-43+AF8-426,43,64,0.001,CartPole+AC0-v0,0.01,False,False,50,9,1,1,10.84,29,1.64320086108314,,,,,,,,,,,,,,,,,,
409,apr+AF8-28+AF8-cart+AF8-pole+AF8-grid+AF8-41+AF8-409,41,64,0.01,CartPole+AC0-v0,0.0001,False,False,50,18,1,1,20.14,88,2.29867643117905,,,,,,,,,,,,,,,,,,
402,apr+AF8-28+AF8-cart+AF8-pole+AF8-grid+AF8-41+AF8-402,41,64,0.01,CartPole+AC0-v0,0.0001,False,False,50,15,1,1,21.94,59,4.66367573738098,,,,,,,,,,,,,,,,,,
404,apr+AF8-28+AF8-cart+AF8-pole+AF8-grid+AF8-41+AF8-404,41,64,0.01,CartPole+AC0-v0,0.0001,False,False,50,23,1,1,23.34,49,2.70148471645687,,,,,,,,,,,,,,,,,,
383,apr+AF8-28+AF8-cart+AF8-pole+AF8-grid+AF8-39+AF8-383,39,64,0.1,CartPole+AC0-v0,0.001,False,False,50,32,1,1,18.42,44,2.37195197027177,,,,,,,,,,,,,,,,,,
410,apr+AF8-28+AF8-cart+AF8-pole+AF8-grid+AF8-41+AF8-410,41,64,0.01,CartPole+AC0-v0,0.0001,False,False,50,24,1,1,23.18,69,2.15542774399122,,,,,,,,,,,,,,,,,,
428,apr+AF8-28+AF8-cart+AF8-pole+AF8-grid+AF8-43+AF8-428,43,64,0.001,CartPole+AC0-v0,0.01,False,False,50,9,1,1,11.26,42,2.36959739526113,,,,,,,,,,,,,,,,,,
316,apr+AF8-28+AF8-cart+AF8-pole+AF8-grid+AF8-32+AF8-316,32,32,0.01,CartPole+AC0-v0,0.0001,False,False,50,16,1,1,21.24,66,2.31754018366337,,,,,,,,,,,,,,,,,,
401,apr+AF8-28+AF8-cart+AF8-pole+AF8-grid+AF8-41+AF8-401,41,64,0.01,CartPole+AC0-v0,0.0001,False,False,50,37,1,1,23.1,64,2.76343105129293,,,,,,,,,,,,,,,,,,
407,apr+AF8-28+AF8-cart+AF8-pole+AF8-grid+AF8-41+AF8-407,41,64,0.01,CartPole+AC0-v0,0.0001,False,False,50,14,1,1,22.54,50,2.97768920660019,,,,,,,,,,,,,,,,,,
529,apr+AF8-28+AF8-cart+AF8-pole+AF8-grid+AF8-53+AF8-529,53,124,0.01,CartPole+AC0-v0,0.01,False,False,50,10,1,1,11.8,41,1.01515241265297,,,,,,,,,,,,,,,,,,
413,apr+AF8-28+AF8-cart+AF8-pole+AF8-grid+AF8-42+AF8-413,42,64,0.1,CartPole+AC0-v0,0.0001,False,False,50,23,1,1,23.4,52,2.90033856423005,,,,,,,,,,,,,,,,,,
319,apr+AF8-28+AF8-cart+AF8-pole+AF8-grid+AF8-32+AF8-319,32,32,0.01,CartPole+AC0-v0,0.0001,False,False,50,25,1,1,20.02,59,2.09238466262817,,,,,,,,,,,,,,,,,,
412,apr+AF8-28+AF8-cart+AF8-pole+AF8-grid+AF8-42+AF8-412,42,64,0.1,CartPole+AC0-v0,0.0001,False,False,50,16,1,1,25.64,73,4.58743700385094,,,,,,,,,,,,,,,,,,
329,apr+AF8-28+AF8-cart+AF8-pole+AF8-grid+AF8-33+AF8-329,33,32,0.1,CartPole+AC0-v0,0.0001,False,False,50,30,1,1,20.6,63,4.52640498280525,,,,,,,,,,,,,,,,,,
313,apr+AF8-28+AF8-cart+AF8-pole+AF8-grid+AF8-32+AF8-313,32,32,0.01,CartPole+AC0-v0,0.0001,False,False,50,37,1,1,21.46,49,2.76055191819732,,,,,,,,,,,,,,,,,,
439,apr+AF8-28+AF8-cart+AF8-pole+AF8-grid+AF8-44+AF8-439,44,64,0.01,CartPole+AC0-v0,0.01,False,False,50,47,1,1,16.92,48,2.35425653609824,,,,,,,,,,,,,,,,,,
406,apr+AF8-28+AF8-cart+AF8-pole+AF8-grid+AF8-41+AF8-406,41,64,0.01,CartPole+AC0-v0,0.0001,False,False,50,22,1,1,25.24,81,2.65403247421438,,,,,,,,,,,,,,,,,,
443,apr+AF8-28+AF8-cart+AF8-pole+AF8-grid+AF8-45+AF8-443,45,64,0.1,CartPole+AC0-v0,0.01,False,False,50,24,1,1,14.54,29,2.70475040624539,,,,,,,,,,,,,,,,,,
326,apr+AF8-28+AF8-cart+AF8-pole+AF8-grid+AF8-33+AF8-326,33,32,0.1,CartPole+AC0-v0,0.0001,False,False,50,11,1,1,20.36,56,3.89515303481709,,,,,,,,,,,,,,,,,,
315,apr+AF8-28+AF8-cart+AF8-pole+AF8-grid+AF8-32+AF8-315,32,32,0.01,CartPole+AC0-v0,0.0001,False,False,50,23,1,1,22.86,60,2.41301102741905,,,,,,,,,,,,,,,,,,
323,apr+AF8-28+AF8-cart+AF8-pole+AF8-grid+AF8-33+AF8-323,33,32,0.1,CartPole+AC0-v0,0.0001,False,False,50,13,1,1,23.14,98,3.70856933410351,,,,,,,,,,,,,,,,,,
368,apr+AF8-28+AF8-cart+AF8-pole+AF8-grid+AF8-37+AF8-368,37,64,0.001,CartPole+AC0-v0,0.001,False,False,50,11,1,1,15.78,42,3.35337344082919,,,,,,,,,,,,,,,,,,
393,apr+AF8-28+AF8-cart+AF8-pole+AF8-grid+AF8-40+AF8-393,40,64,0.001,CartPole+AC0-v0,0.0001,False,False,50,19,1,1,19.74,68,3.57601005780069,,,,,,,,,,,,,,,,,,
322,apr+AF8-28+AF8-cart+AF8-pole+AF8-grid+AF8-33+AF8-322,33,32,0.1,CartPole+AC0-v0,0.0001,False,False,50,18,1,1,22.3,56,4.28289376364814,,,,,,,,,,,,,,,,,,
320,apr+AF8-28+AF8-cart+AF8-pole+AF8-grid+AF8-32+AF8-320,32,32,0.01,CartPole+AC0-v0,0.0001,False,False,50,28,1,1,21.38,60,2.88728359022311,,,,,,,,,,,,,,,,,,
312,apr+AF8-28+AF8-cart+AF8-pole+AF8-grid+AF8-32+AF8-312,32,32,0.01,CartPole+AC0-v0,0.0001,False,False,50,16,1,1,22.36,60,2.95621750131249,,,,,,,,,,,,,,,,,,
390,apr+AF8-28+AF8-cart+AF8-pole+AF8-grid+AF8-39+AF8-390,39,64,0.1,CartPole+AC0-v0,0.001,False,False,50,61,1,1,20.04,61,3.51847936090876,,,,,,,,,,,,,,,,,,
432,apr+AF8-28+AF8-cart+AF8-pole+AF8-grid+AF8-44+AF8-432,44,64,0.01,CartPole+AC0-v0,0.01,False,False,50,10,1,1,14.48,48,1.85012718439102,,,,,,,,,,,,,,,,,,
330,apr+AF8-28+AF8-cart+AF8-pole+AF8-grid+AF8-33+AF8-330,33,32,0.1,CartPole+AC0-v0,0.0001,False,False,50,10,1,1,23.98,58,5.02251582145691,,,,,,,,,,,,,,,,,,
400,apr+AF8-28+AF8-cart+AF8-pole+AF8-grid+AF8-40+AF8-400,40,64,0.001,CartPole+AC0-v0,0.0001,False,False,50,46,1,1,20.88,56,2.98294931909312,,,,,,,,,,,,,,,,,,
435,apr+AF8-28+AF8-cart+AF8-pole+AF8-grid+AF8-44+AF8-435,44,64,0.01,CartPole+AC0-v0,0.01,False,False,50,15,1,1,11.8,30,2.04417991638184,,,,,,,,,,,,,,,,,,
394,apr+AF8-28+AF8-cart+AF8-pole+AF8-grid+AF8-40+AF8-394,40,64,0.001,CartPole+AC0-v0,0.0001,False,False,50,13,1,1,21.7,59,3.40209111800561,,,,,,,,,,,,,,,,,,
311,apr+AF8-28+AF8-cart+AF8-pole+AF8-grid+AF8-32+AF8-311,32,32,0.01,CartPole+AC0-v0,0.0001,False,False,50,9,1,1,23.54,105,2.93923438257641,,,,,,,,,,,,,,,,,,
321,apr+AF8-28+AF8-cart+AF8-pole+AF8-grid+AF8-33+AF8-321,33,32,0.1,CartPole+AC0-v0,0.0001,False,False,50,27,1,1,24.24,119,7.97462535787512,,,,,,,,,,,,,,,,,,
367,apr+AF8-28+AF8-cart+AF8-pole+AF8-grid+AF8-37+AF8-367,37,64,0.001,CartPole+AC0-v0,0.001,False,False,50,13,1,1,17.38,43,3.29278190319355,,,,,,,,,,,,,,,,,,
366,apr+AF8-28+AF8-cart+AF8-pole+AF8-grid+AF8-37+AF8-366,37,64,0.001,CartPole+AC0-v0,0.001,False,False,50,10,1,1,16.32,47,2.66805985569954,,,,,,,,,,,,,,,,,74,2.84477866292
387,apr+AF8-28+AF8-cart+AF8-pole+AF8-grid+AF8-39+AF8-387,39,64,0.1,CartPole+AC0-v0,0.001,False,False,50,15,1,1,21.02,54,4.03964722156525,,,,,,,,,,,,,,,,,,
328,apr+AF8-28+AF8-cart+AF8-pole+AF8-grid+AF8-33+AF8-328,33,32,0.1,CartPole+AC0-v0,0.0001,False,False,50,19,1,1,20.82,64,3.76068773081428,,,,,,,,,,,,,,,,,,
442,apr+AF8-28+AF8-cart+AF8-pole+AF8-grid+AF8-45+AF8-442,45,64,0.1,CartPole+AC0-v0,0.01,False,False,50,9,1,1,16.84,58,2.04949343204498,,,,,,,,,,,,,,,,,,
370,apr+AF8-28+AF8-cart+AF8-pole+AF8-grid+AF8-37+AF8-370,37,64,0.001,CartPole+AC0-v0,0.001,False,False,50,25,1,1,18.58,57,2.68377795219421,,,,,,,,,,,,,,,,,,
530,apr+AF8-28+AF8-cart+AF8-pole+AF8-grid+AF8-53+AF8-530,53,124,0.01,CartPole+AC0-v0,0.01,False,False,50,19,1,1,15.28,61,1.99684493478976,,,,,,,,,,,,,,,,,,
395,apr+AF8-28+AF8-cart+AF8-pole+AF8-grid+AF8-40+AF8-395,40,64,0.001,CartPole+AC0-v0,0.0001,False,False,50,16,1,1,22.36,55,2.86937915533781,,,,,,,,,,,,,,,,,,
327,apr+AF8-28+AF8-cart+AF8-pole+AF8-grid+AF8-33+AF8-327,33,32,0.1,CartPole+AC0-v0,0.0001,False,False,50,15,1,1,24.12,63,2.5987303952376,,,,,,,,,,,,,,,,,,
318,apr+AF8-28+AF8-cart+AF8-pole+AF8-grid+AF8-32+AF8-318,32,32,0.01,CartPole+AC0-v0,0.0001,False,False,50,16,1,1,25.4,73,4.62521163374186,,,,,,,,,,,,,,,,,,
391,apr+AF8-28+AF8-cart+AF8-pole+AF8-grid+AF8-40+AF8-391,40,64,0.001,CartPole+AC0-v0,0.0001,False,False,50,10,1,1,21.14,58,3.00114885568619,,,,,,,,,,,,,,,,,,
449,apr+AF8-28+AF8-cart+AF8-pole+AF8-grid+AF8-45+AF8-449,45,64,0.1,CartPole+AC0-v0,0.01,False,False,50,10,1,1,17.88,50,2.25862863063812,,,,,,,,,,,,,,,,,,
433,apr+AF8-28+AF8-cart+AF8-pole+AF8-grid+AF8-44+AF8-433,44,64,0.01,CartPole+AC0-v0,0.01,False,False,50,9,1,1,14.38,43,2.10811573929257,,,,,,,,,,,,,,,,,,
344,apr+AF8-28+AF8-cart+AF8-pole+AF8-grid+AF8-35+AF8-344,35,32,0.01,CartPole+AC0-v0,0.01,False,False,50,30,1,1,18.2,111,1.61406753361225,,,,,,,,,,,,,,,,,,
514,apr+AF8-28+AF8-cart+AF8-pole+AF8-grid+AF8-52+AF8-514,52,124,0.001,CartPole+AC0-v0,0.01,False,False,50,9,1,1,11.04,28,1.54833544625176,,,,,,,,,,,,,,,,,,
520,apr+AF8-28+AF8-cart+AF8-pole+AF8-grid+AF8-52+AF8-520,52,124,0.001,CartPole+AC0-v0,0.01,False,False,50,10,1,1,11.04,22,1.99101370573044,,,,,,,,,,,,,,,,,,
512,apr+AF8-28+AF8-cart+AF8-pole+AF8-grid+AF8-52+AF8-512,52,124,0.001,CartPole+AC0-v0,0.01,False,False,50,10,1,1,11.42,33,2.32093333005905,,,,,,,,,,,,,,,,,,
317,apr+AF8-28+AF8-cart+AF8-pole+AF8-grid+AF8-32+AF8-317,32,32,0.01,CartPole+AC0-v0,0.0001,False,False,50,26,1,1,28.7,89,2.94719367990127,,,,,,,,,,,,,,,,,,
392,apr+AF8-28+AF8-cart+AF8-pole+AF8-grid+AF8-40+AF8-392,40,64,0.001,CartPole+AC0-v0,0.0001,False,False,50,10,1,1,22.7,73,3.74986615180969,,,,,,,,,,,,,,,,,,
434,apr+AF8-28+AF8-cart+AF8-pole+AF8-grid+AF8-44+AF8-434,44,64,0.01,CartPole+AC0-v0,0.01,False,False,50,21,1,1,19.54,35,2.02610617592221,,,,,,,,,,,,,,,,,,
417,apr+AF8-28+AF8-cart+AF8-pole+AF8-grid+AF8-42+AF8-417,42,64,0.1,CartPole+AC0-v0,0.0001,False,False,50,12,1,1,20.36,54,4.67027207215627,,,,,,,,,,,,,,,,,,
515,apr+AF8-28+AF8-cart+AF8-pole+AF8-grid+AF8-52+AF8-515,52,124,0.001,CartPole+AC0-v0,0.01,False,False,50,10,1,1,11.64,30,2.08058825731277,,,,,,,,,,,,,,,,,,
436,apr+AF8-28+AF8-cart+AF8-pole+AF8-grid+AF8-44+AF8-436,44,64,0.01,CartPole+AC0-v0,0.01,False,False,50,37,1,1,19.78,68,2.00981056045841,,,,,,,,,,,,,,,,,,
388,apr+AF8-28+AF8-cart+AF8-pole+AF8-grid+AF8-39+AF8-388,39,64,0.1,CartPole+AC0-v0,0.001,False,False,50,19,1,1,25.82,76,4.04940004097788,,,,,,,,,,,,,,,,,,
450,apr+AF8-28+AF8-cart+AF8-pole+AF8-grid+AF8-45+AF8-450,45,64,0.1,CartPole+AC0-v0,0.01,False,False,50,20,1,1,20.82,89,6.11167795658112,,,,,,,,,,,,,,,,,,
516,apr+AF8-28+AF8-cart+AF8-pole+AF8-grid+AF8-52+AF8-516,52,124,0.001,CartPole+AC0-v0,0.01,False,False,50,9,1,1,11.7,35,1.79066424899631,,,,,,,,,,,,,,,,,,
513,apr+AF8-28+AF8-cart+AF8-pole+AF8-grid+AF8-52+AF8-513,52,124,0.001,CartPole+AC0-v0,0.01,False,False,50,10,1,1,13.38,48,1.77109351158142,,,,,,,,,,,,,,,,,,
518,apr+AF8-28+AF8-cart+AF8-pole+AF8-grid+AF8-52+AF8-518,52,124,0.001,CartPole+AC0-v0,0.01,False,False,50,9,1,1,11.58,41,1.81175736586253,,,,,,,,,,,,,,,,,,
420,apr+AF8-28+AF8-cart+AF8-pole+AF8-grid+AF8-42+AF8-420,42,64,0.1,CartPole+AC0-v0,0.0001,False,False,50,24,1,1,20.28,75,3.26658005019029,,,,,,,,,,,,,,,,,,
379,apr+AF8-28+AF8-cart+AF8-pole+AF8-grid+AF8-38+AF8-379,38,64,0.01,CartPole+AC0-v0,0.001,False,False,50,28,1,1,21.1,42,1.96487147893224,,,,,,,,,,,,,,,,,,
441,apr+AF8-28+AF8-cart+AF8-pole+AF8-grid+AF8-45+AF8-441,45,64,0.1,CartPole+AC0-v0,0.01,False,False,50,12,1,1,24.54,108,3.50821329156558,,,,,,,,,,,,,,,,,,
511,apr+AF8-28+AF8-cart+AF8-pole+AF8-grid+AF8-52+AF8-511,52,124,0.001,CartPole+AC0-v0,0.01,False,False,50,11,1,1,13.78,69,2.06622812964699,,,,,,,,,,,,,,,,,,
522,apr+AF8-28+AF8-cart+AF8-pole+AF8-grid+AF8-53+AF8-522,53,124,0.01,CartPole+AC0-v0,0.01,False,False,50,14,1,1,12.94,34,2.0414479630334,,,,,,,,,,,,,,,,,,
476,apr+AF8-28+AF8-cart+AF8-pole+AF8-grid+AF8-48+AF8-476,48,124,0.1,CartPole+AC0-v0,0.001,False,False,50,23,1,1,17.32,35,1.59703507630721,,,,,,,,,,,,,,,,,,
478,apr+AF8-28+AF8-cart+AF8-pole+AF8-grid+AF8-48+AF8-478,48,124,0.1,CartPole+AC0-v0,0.001,False,False,50,43,1,1,17.48,43,2.51775691675585,,,,,,,,,,,,,,,,,,
479,apr+AF8-28+AF8-cart+AF8-pole+AF8-grid+AF8-48+AF8-479,48,124,0.1,CartPole+AC0-v0,0.001,False,False,50,9,1,1,16.8,43,1.519199166033,,,,,,,,,,,,,,,,,,
372,apr+AF8-28+AF8-cart+AF8-pole+AF8-grid+AF8-38+AF8-372,38,64,0.01,CartPole+AC0-v0,0.001,False,False,50,36,1,1,26.88,106,2.76342180536853,,,,,,,,,,,,,,,,,,
376,apr+AF8-28+AF8-cart+AF8-pole+AF8-grid+AF8-38+AF8-376,38,64,0.01,CartPole+AC0-v0,0.001,False,False,50,10,1,1,22.16,120,2.13379017114639,,,,,,,,,,,,,,,,,,
460,apr+AF8-28+AF8-cart+AF8-pole+AF8-grid+AF8-46+AF8-460,46,124,0.001,CartPole+AC0-v0,0.001,False,False,50,10,1,1,15.56,37,2.68712022304535,,,,,,,,,,,,,,,,,,
477,apr+AF8-28+AF8-cart+AF8-pole+AF8-grid+AF8-48+AF8-477,48,124,0.1,CartPole+AC0-v0,0.001,False,False,50,13,1,1,18,64,1.40794781079659,,,,,,,,,,,,,,,,,,
343,apr+AF8-28+AF8-cart+AF8-pole+AF8-grid+AF8-35+AF8-343,35,32,0.01,CartPole+AC0-v0,0.01,False,False,50,37,1,1,28.5,126,2.50670975043967,,,,,,,,,,,,,,,,,,
419,apr+AF8-28+AF8-cart+AF8-pole+AF8-grid+AF8-42+AF8-419,42,64,0.1,CartPole+AC0-v0,0.0001,False,False,50,18,1,1,22.74,51,2.98291282190217,,,,,,,,,,,,,,,,,,
527,apr+AF8-28+AF8-cart+AF8-pole+AF8-grid+AF8-53+AF8-527,53,124,0.01,CartPole+AC0-v0,0.01,False,False,50,51,1,1,22.16,70,2.14212979989893,,,,,,,,,,,,,,,,,,
459,apr+AF8-28+AF8-cart+AF8-pole+AF8-grid+AF8-46+AF8-459,46,124,0.001,CartPole+AC0-v0,0.001,False,False,50,12,1,1,16.36,44,3.37221117814382,,,,,,,,,,,,,,,,,,
374,apr+AF8-28+AF8-cart+AF8-pole+AF8-grid+AF8-38+AF8-374,38,64,0.01,CartPole+AC0-v0,0.001,False,False,50,33,1,1,20.64,70,2.71280613090053,,,,,,,,,,,,,,,,,,
458,apr+AF8-28+AF8-cart+AF8-pole+AF8-grid+AF8-46+AF8-458,46,124,0.001,CartPole+AC0-v0,0.001,False,False,50,44,1,1,17.34,51,2.52055091478608,,,,,,,,,,,,,,,,,,
378,apr+AF8-28+AF8-cart+AF8-pole+AF8-grid+AF8-38+AF8-378,38,64,0.01,CartPole+AC0-v0,0.001,False,False,50,52,1,1,22.44,75,2.05432494672445,,,,,,,,,,,,,,,,,,
451,apr+AF8-28+AF8-cart+AF8-pole+AF8-grid+AF8-46+AF8-451,46,124,0.001,CartPole+AC0-v0,0.001,False,False,50,15,1,1,17.28,46,2.77759715716044,,,,,,,,,,,,,,,,,,
455,apr+AF8-28+AF8-cart+AF8-pole+AF8-grid+AF8-46+AF8-455,46,124,0.001,CartPole+AC0-v0,0.001,False,False,50,10,1,1,17.78,67,3.1230902671814,,,,,,,,,,,,,,,,,,
282,apr+AF8-28+AF8-cart+AF8-pole+AF8-grid+AF8-29+AF8-282,29,32,0.01,CartPole+AC0-v0,0.001,False,False,50,125,1,1,79.02,200,3.44921801137924,,,,,,,,,,,,,,,,,,
456,apr+AF8-28+AF8-cart+AF8-pole+AF8-grid+AF8-46+AF8-456,46,124,0.001,CartPole+AC0-v0,0.001,False,False,50,12,1,1,17.88,38,3.58224765459696,,,,,,,,,,,,,,,,,,
526,apr+AF8-28+AF8-cart+AF8-pole+AF8-grid+AF8-53+AF8-526,53,124,0.01,CartPole+AC0-v0,0.01,False,False,50,11,1,1,13.38,66,2.96732943708246,,,,,,,,,,,,,,,,,,
373,apr+AF8-28+AF8-cart+AF8-pole+AF8-grid+AF8-38+AF8-373,38,64,0.01,CartPole+AC0-v0,0.001,False,False,50,31,1,1,23.96,64,2.49886659076137,,,,,,,,,,,,,,,,,,
524,apr+AF8-28+AF8-cart+AF8-pole+AF8-grid+AF8-53+AF8-524,53,124,0.01,CartPole+AC0-v0,0.01,False,False,50,17,1,1,18.46,70,2.30077881672803,,,,,,,,,,,,,,,,,,
487,apr+AF8-28+AF8-cart+AF8-pole+AF8-grid+AF8-49+AF8-487,49,124,0.001,CartPole+AC0-v0,0.0001,False,False,50,34,1,1,19.42,55,2.66985535621643,,,,,,,,,,,,,,,,,,
457,apr+AF8-28+AF8-cart+AF8-pole+AF8-grid+AF8-46+AF8-457,46,124,0.001,CartPole+AC0-v0,0.001,False,False,50,11,1,1,18.66,72,2.96240676533092,,,,,,,,,,,,,,,,,,
452,apr+AF8-28+AF8-cart+AF8-pole+AF8-grid+AF8-46+AF8-452,46,124,0.001,CartPole+AC0-v0,0.001,False,False,50,9,1,1,19.54,115,4.10982810126411,,,,,,,,,,,,,,,,,,
483,apr+AF8-28+AF8-cart+AF8-pole+AF8-grid+AF8-49+AF8-483,49,124,0.001,CartPole+AC0-v0,0.0001,False,False,50,10,1,1,20.6,47,3.80579075813293,,,,,,,,,,,,,,,,,,
462,apr+AF8-28+AF8-cart+AF8-pole+AF8-grid+AF8-47+AF8-462,47,124,0.01,CartPole+AC0-v0,0.001,False,False,50,8,1,1,18.26,76,2.71682047843933,,,,,,,,,,,,,,,,,,
467,apr+AF8-28+AF8-cart+AF8-pole+AF8-grid+AF8-47+AF8-467,47,124,0.01,CartPole+AC0-v0,0.001,False,False,50,46,1,1,18.42,51,1.51390441474707,,,,,,,,,,,,,,,,,,
533,apr+AF8-28+AF8-cart+AF8-pole+AF8-grid+AF8-54+AF8-533,54,124,0.1,CartPole+AC0-v0,0.01,False,False,50,91,1,1,16.42,91,2.22421959599296,,,,,,,,,,,,,,,,,,
521,apr+AF8-28+AF8-cart+AF8-pole+AF8-grid+AF8-53+AF8-521,53,124,0.01,CartPole+AC0-v0,0.01,False,False,50,23,1,1,19.58,121,1.71983053891555,,,,,,,,,,,,,,,,,,
475,apr+AF8-28+AF8-cart+AF8-pole+AF8-grid+AF8-48+AF8-475,48,124,0.1,CartPole+AC0-v0,0.001,False,False,50,45,1,1,23.1,51,1.87299714750714,,,,,,,,,,,,,,,,,,
490,apr+AF8-28+AF8-cart+AF8-pole+AF8-grid+AF8-49+AF8-490,49,124,0.001,CartPole+AC0-v0,0.0001,False,False,50,25,1,1,21.58,64,2.82007697105408,,,,,,,,,,,,,,,,,,
466,apr+AF8-28+AF8-cart+AF8-pole+AF8-grid+AF8-47+AF8-466,47,124,0.01,CartPole+AC0-v0,0.001,False,False,50,31,1,1,19.34,54,2.39892547361312,,,,,,,,,,,,,,,,,,
488,apr+AF8-28+AF8-cart+AF8-pole+AF8-grid+AF8-49+AF8-488,49,124,0.001,CartPole+AC0-v0,0.0001,False,False,50,24,1,1,21.26,51,2.84967778374751,,,,,,,,,,,,,,,,,,
463,apr+AF8-28+AF8-cart+AF8-pole+AF8-grid+AF8-47+AF8-463,47,124,0.01,CartPole+AC0-v0,0.001,False,False,50,11,1,1,18.28,54,2.28420423377644,,,,,,,,,,,,,,,,,,
469,apr+AF8-28+AF8-cart+AF8-pole+AF8-grid+AF8-47+AF8-469,47,124,0.01,CartPole+AC0-v0,0.001,False,False,50,10,1,1,16.98,42,2.44281558990478,,,,,,,,,,,,,,,,,,
498,apr+AF8-28+AF8-cart+AF8-pole+AF8-grid+AF8-50+AF8-498,50,124,0.01,CartPole+AC0-v0,0.0001,False,False,50,14,1,1,20.34,51,2.65448692015239,,,,,,,,,,,,,,,,,,
482,apr+AF8-28+AF8-cart+AF8-pole+AF8-grid+AF8-49+AF8-482,49,124,0.001,CartPole+AC0-v0,0.0001,False,False,50,24,1,1,21.46,50,3.13524218897025,,,,,,,,,,,,,,,,,,
461,apr+AF8-28+AF8-cart+AF8-pole+AF8-grid+AF8-47+AF8-461,47,124,0.01,CartPole+AC0-v0,0.001,False,False,50,10,1,1,19,53,2.30265622138977,,,,,,,,,,,,,,,,,,
501,apr+AF8-28+AF8-cart+AF8-pole+AF8-grid+AF8-51+AF8-501,51,124,0.1,CartPole+AC0-v0,0.0001,False,False,50,15,1,1,22.94,49,4.41433804829915,,,,,,,,,,,,,,,,,,
534,apr+AF8-28+AF8-cart+AF8-pole+AF8-grid+AF8-54+AF8-534,54,124,0.1,CartPole+AC0-v0,0.01,False,False,50,85,1,1,18.2,85,4.08156278694377,,,,,,,,,,,,,,,,,,
381,apr+AF8-28+AF8-cart+AF8-pole+AF8-grid+AF8-39+AF8-381,39,64,0.1,CartPole+AC0-v0,0.001,False,False,50,11,1,1,25.98,60,6.75541615486145,,,,,,,,,,,,,,,,,,
484,apr+AF8-28+AF8-cart+AF8-pole+AF8-grid+AF8-49+AF8-484,49,124,0.001,CartPole+AC0-v0,0.0001,False,False,50,28,1,1,24.16,62,3.145134133952,,,,,,,,,,,,,,,,,,
489,apr+AF8-28+AF8-cart+AF8-pole+AF8-grid+AF8-49+AF8-489,49,124,0.001,CartPole+AC0-v0,0.0001,False,False,50,13,1,1,22.72,58,2.9308791068884,,,,,,,,,,,,,,,,,,
497,apr+AF8-28+AF8-cart+AF8-pole+AF8-grid+AF8-50+AF8-497,50,124,0.01,CartPole+AC0-v0,0.0001,False,False,50,15,1,1,22.18,66,2.54983801841736,,,,,,,,,,,,,,,,,,
504,apr+AF8-28+AF8-cart+AF8-pole+AF8-grid+AF8-51+AF8-504,51,124,0.1,CartPole+AC0-v0,0.0001,False,False,50,27,1,1,21.24,60,9.35126808837608,,,,,,,,,,,,,,,,,,
500,apr+AF8-28+AF8-cart+AF8-pole+AF8-grid+AF8-50+AF8-500,50,124,0.01,CartPole+AC0-v0,0.0001,False,False,50,19,1,1,21.4,57,2.40695940193377,,,,,,,,,,,,,,,,,,
481,apr+AF8-28+AF8-cart+AF8-pole+AF8-grid+AF8-49+AF8-481,49,124,0.001,CartPole+AC0-v0,0.0001,False,False,50,37,1,1,24.74,68,2.93490888943543,,,,,,,,,,,,,,,,,,
491,apr+AF8-28+AF8-cart+AF8-pole+AF8-grid+AF8-50+AF8-491,50,124,0.01,CartPole+AC0-v0,0.0001,False,False,50,13,1,1,21.48,79,1.81850525049063,,,,,,,,,,,,,,,,,,
492,apr+AF8-28+AF8-cart+AF8-pole+AF8-grid+AF8-50+AF8-492,50,124,0.01,CartPole+AC0-v0,0.0001,False,False,50,10,1,1,22.04,53,2.95315235853195,,,,,,,,,,,,,,,,,,
502,apr+AF8-28+AF8-cart+AF8-pole+AF8-grid+AF8-51+AF8-502,51,124,0.1,CartPole+AC0-v0,0.0001,False,False,50,18,1,1,23.36,74,3.64608891805013,,,,,,,,,,,,,,,,,,
503,apr+AF8-28+AF8-cart+AF8-pole+AF8-grid+AF8-51+AF8-503,51,124,0.1,CartPole+AC0-v0,0.0001,False,False,50,10,1,1,23.94,79,3.58414688110352,,,,,,,,,,,,,,,,,,
382,apr+AF8-28+AF8-cart+AF8-pole+AF8-grid+AF8-39+AF8-382,39,64,0.1,CartPole+AC0-v0,0.001,False,False,50,77,1,1,35.52,122,4.26793978585825,,,,,,,,,,,,,,,,,,
499,apr+AF8-28+AF8-cart+AF8-pole+AF8-grid+AF8-50+AF8-499,50,124,0.01,CartPole+AC0-v0,0.0001,False,False,50,16,1,1,21.76,60,2.13836558163166,,,,,,,,,,,,,,,,,,
525,apr+AF8-28+AF8-cart+AF8-pole+AF8-grid+AF8-53+AF8-525,53,124,0.01,CartPole+AC0-v0,0.01,False,False,50,13,1,1,21.94,107,3.58390521086179,,,,,,,,,,,,,,,,,,
496,apr+AF8-28+AF8-cart+AF8-pole+AF8-grid+AF8-50+AF8-496,50,124,0.01,CartPole+AC0-v0,0.0001,False,False,50,13,1,1,23.04,57,1.7817555299172,,,,,,,,,,,,,,,,,,
485,apr+AF8-28+AF8-cart+AF8-pole+AF8-grid+AF8-49+AF8-485,49,124,0.001,CartPole+AC0-v0,0.0001,False,False,50,15,1,1,24.36,62,2.79903621673584,,,,,,,,,,,,,,,,,,
495,apr+AF8-28+AF8-cart+AF8-pole+AF8-grid+AF8-50+AF8-495,50,124,0.01,CartPole+AC0-v0,0.0001,False,False,50,18,1,1,23.48,52,3.61206942134433,,,,,,,,,,,,,,,,,,
508,apr+AF8-28+AF8-cart+AF8-pole+AF8-grid+AF8-51+AF8-508,51,124,0.1,CartPole+AC0-v0,0.0001,False,False,50,39,1,1,23.48,74,2.33513832703615,,,,,,,,,,,,,,,,,,
493,apr+AF8-28+AF8-cart+AF8-pole+AF8-grid+AF8-50+AF8-493,50,124,0.01,CartPole+AC0-v0,0.0001,False,False,50,36,1,1,26.26,68,2.04339855743779,,,,,,,,,,,,,,,,,,
510,apr+AF8-28+AF8-cart+AF8-pole+AF8-grid+AF8-51+AF8-510,51,124,0.1,CartPole+AC0-v0,0.0001,False,False,50,39,1,1,22.66,67,2.51727081262148,,,,,,,,,,,,,,,,,,
509,apr+AF8-28+AF8-cart+AF8-pole+AF8-grid+AF8-51+AF8-509,51,124,0.1,CartPole+AC0-v0,0.0001,False,False,50,15,1,1,22.5,82,3.50859220027924,,,,,,,,,,,,,,,,,,
486,apr+AF8-28+AF8-cart+AF8-pole+AF8-grid+AF8-49+AF8-486,49,124,0.001,CartPole+AC0-v0,0.0001,False,False,50,17,1,1,27.26,63,3.7365462920245,,,,,,,,,,,,,,,,,,
538,apr+AF8-28+AF8-cart+AF8-pole+AF8-grid+AF8-54+AF8-538,54,124,0.1,CartPole+AC0-v0,0.01,False,False,50,22,1,1,20.82,56,2.74876543608579,,,,,,,,,,,,,,,,,,
506,apr+AF8-28+AF8-cart+AF8-pole+AF8-grid+AF8-51+AF8-506,51,124,0.1,CartPole+AC0-v0,0.0001,False,False,50,137,1,1,25.62,137,12.0193042267848,,,,,,,,,,,,,,,,,,
471,apr+AF8-28+AF8-cart+AF8-pole+AF8-grid+AF8-48+AF8-471,48,124,0.1,CartPole+AC0-v0,0.001,False,False,50,28,1,1,23.08,74,2.78015127352306,,,,,,,,,,,,,,,,,,
465,apr+AF8-28+AF8-cart+AF8-pole+AF8-grid+AF8-47+AF8-465,47,124,0.01,CartPole+AC0-v0,0.001,False,False,50,95,1,1,30.98,141,3.52299397242697,,,,,,,,,,,,,,,,,,
535,apr+AF8-28+AF8-cart+AF8-pole+AF8-grid+AF8-54+AF8-535,54,124,0.1,CartPole+AC0-v0,0.01,False,False,50,16,1,1,21.52,71,3.62194935977459,,,,,,,,,,,,,,,,,,
537,apr+AF8-28+AF8-cart+AF8-pole+AF8-grid+AF8-54+AF8-537,54,124,0.1,CartPole+AC0-v0,0.01,False,False,50,53,1,1,21.58,79,4.2951977028037,,,,,,,,,,,,,,,,,,
380,apr+AF8-28+AF8-cart+AF8-pole+AF8-grid+AF8-38+AF8-380,38,64,0.01,CartPole+AC0-v0,0.001,False,False,50,126,1,1,54.34,134,2.49450814865884,,,,,,,,,,,,,,,,,,
505,apr+AF8-28+AF8-cart+AF8-pole+AF8-grid+AF8-51+AF8-505,51,124,0.1,CartPole+AC0-v0,0.0001,False,False,50,25,1,1,27.02,68,2.65922266960144,,,,,,,,,,,,,,,,,,
480,apr+AF8-28+AF8-cart+AF8-pole+AF8-grid+AF8-48+AF8-480,48,124,0.1,CartPole+AC0-v0,0.001,False,False,50,102,1,1,39.68,142,3.27577338031694,,,,,,,,,,,,,,,,,,
507,apr+AF8-28+AF8-cart+AF8-pole+AF8-grid+AF8-51+AF8-507,51,124,0.1,CartPole+AC0-v0,0.0001,False,False,50,12,1,1,22.16,68,2.72451413671176,,,,,,,,,,,,,,,,,,
539,apr+AF8-28+AF8-cart+AF8-pole+AF8-grid+AF8-54+AF8-539,54,124,0.1,CartPole+AC0-v0,0.01,False,False,50,79,1,1,21.68,81,3.41753400730181,,,,,,,,,,,,,,,,,,
474,apr+AF8-28+AF8-cart+AF8-pole+AF8-grid+AF8-48+AF8-474,48,124,0.1,CartPole+AC0-v0,0.001,False,False,50,14,1,1,30.32,124,3.72650187356131,,,,,,,,,,,,,,,,,,
468,apr+AF8-28+AF8-cart+AF8-pole+AF8-grid+AF8-47+AF8-468,47,124,0.01,CartPole+AC0-v0,0.001,False,False,50,64,1,1,39.86,127,3.24773658253252,,,,,,,,,,,,,,,,,,
464,apr+AF8-28+AF8-cart+AF8-pole+AF8-grid+AF8-47+AF8-464,47,124,0.01,CartPole+AC0-v0,0.001,False,False,50,60,1,1,35.7,187,2.3730985045433,,,,,,,,,,,,,,,,,,
532,apr+AF8-28+AF8-cart+AF8-pole+AF8-grid+AF8-54+AF8-532,54,124,0.1,CartPole+AC0-v0,0.01,False,False,50,33,1,1,22.4,123,3.83451946576436,,,,,,,,,,,,,,,,,,
531,apr+AF8-28+AF8-cart+AF8-pole+AF8-grid+AF8-54+AF8-531,54,124,0.1,CartPole+AC0-v0,0.01,False,False,50,21,1,1,24.04,133,2.83520806403387,,,,,,,,,,,,,,,,,,
472,apr+AF8-28+AF8-cart+AF8-pole+AF8-grid+AF8-48+AF8-472,48,124,0.1,CartPole+AC0-v0,0.001,False,False,50,200,1,1,31.32,200,3.9803309738636,,,,,,,,,,,,,,,,,,
536,apr+AF8-28+AF8-cart+AF8-pole+AF8-grid+AF8-54+AF8-536,54,124,0.1,CartPole+AC0-v0,0.01,False,False,50,11,1,1,30.08,95,2.97380063750527,,,,,,,,,,,,,,,,,,
473,apr+AF8-28+AF8-cart+AF8-pole+AF8-grid+AF8-48+AF8-473,48,124,0.1,CartPole+AC0-v0,0.001,False,False,50,70,1,1,40.8,119,3.1322572350502,,,,,,,,,,,,,,,,,,
444,apr+AF8-28+AF8-cart+AF8-pole+AF8-grid+AF8-45+AF8-444,45,64,0.1,CartPole+AC0-v0,0.01,False,False,50,11,1,1,85.22,200,4.18816289034757,,,,,,,,,,,,,,,,,,
540,apr+AF8-28+AF8-cart+AF8-pole+AF8-grid+AF8-54+AF8-540,54,124,0.1,CartPole+AC0-v0,0.01,False,False,50,34,1,1,31.14,200,3.03948406261556,,,,,,,,,,,,,,,,,,
470,apr+AF8-28+AF8-cart+AF8-pole+AF8-grid+AF8-47+AF8-470,47,124,0.01,CartPole+AC0-v0,0.001,False,False,50,161,1,1,69.64,200,2.63311439900665,,,,,,,,,,,,,,,,,,
541,apr+AF8-28+AF8-cart+AF8-pole+AF8-grid+AF8-55+AF8-541,55,32,0.001,CartPole+AC0-v0,0.001,False,False,150,10,1,1,11.78,49,1.10676293969154,,,,,,,,,,,,,,,,,,
542,apr+AF8-28+AF8-cart+AF8-pole+AF8-grid+AF8-55+AF8-542,55,32,0.001,CartPole+AC0-v0,0.001,False,False,150,9,1,1,12.4866666666667,63,2.88210305902693,,,,,,,,,,,,,,,,,,
546,apr+AF8-28+AF8-cart+AF8-pole+AF8-grid+AF8-55+AF8-546,55,32,0.001,CartPole+AC0-v0,0.001,False,False,150,10,1,1,12.6733333333333,63,2.81917114257812,,,,,,,,,,,,,,,,,,
601,apr+AF8-28+AF8-cart+AF8-pole+AF8-grid+AF8-61+AF8-601,61,32,0.001,CartPole+AC0-v0,0.01,False,False,150,9,1,1,9.76666666666667,34,0.717237919569016,,,,,,,,,,,,,,,,,,
604,apr+AF8-28+AF8-cart+AF8-pole+AF8-grid+AF8-61+AF8-604,61,32,0.001,CartPole+AC0-v0,0.01,False,False,150,10,1,1,9.84,25,1.21488270163536,,,,,,,,,,,,,,,,,,
603,apr+AF8-28+AF8-cart+AF8-pole+AF8-grid+AF8-61+AF8-603,61,32,0.001,CartPole+AC0-v0,0.01,False,False,150,17,1,1,10.4666666666667,32,1.47874051332474,,,,,,,,,,,,,,,,,,
606,apr+AF8-28+AF8-cart+AF8-pole+AF8-grid+AF8-61+AF8-606,61,32,0.001,CartPole+AC0-v0,0.01,False,False,150,8,1,1,9.71333333333333,24,1.59148789942265,,,,,,,,,,,,,,,,,,
602,apr+AF8-28+AF8-cart+AF8-pole+AF8-grid+AF8-61+AF8-602,61,32,0.001,CartPole+AC0-v0,0.01,False,False,150,12,1,1,10.62,33,3.4859145283699,,,,,,,,,,,,,,,,,,
610,apr+AF8-28+AF8-cart+AF8-pole+AF8-grid+AF8-61+AF8-610,61,32,0.001,CartPole+AC0-v0,0.01,False,False,150,9,1,1,10.14,53,0.83001881175571,,,,,,,,,,,,,,,,,,
607,apr+AF8-28+AF8-cart+AF8-pole+AF8-grid+AF8-61+AF8-607,61,32,0.001,CartPole+AC0-v0,0.01,False,False,150,14,1,1,10.0333333333333,25,2.71375068170684,,,,,,,,,,,,,,,,,,
609,apr+AF8-28+AF8-cart+AF8-pole+AF8-grid+AF8-61+AF8-609,61,32,0.001,CartPole+AC0-v0,0.01,False,False,150,10,1,1,9.83333333333333,52,1.53605216741562,,,,,,,,,,,,,,,,,,
605,apr+AF8-28+AF8-cart+AF8-pole+AF8-grid+AF8-61+AF8-605,61,32,0.001,CartPole+AC0-v0,0.01,False,False,150,11,1,1,12.9333333333333,87,3.59191137010401,,,,,,,,,,,,,,,,,,
608,apr+AF8-28+AF8-cart+AF8-pole+AF8-grid+AF8-61+AF8-608,61,32,0.001,CartPole+AC0-v0,0.01,False,False,150,23,1,1,12.8466666666667,48,2.38149259919706,,,,,,,,,,,,,,,,,,
545,apr+AF8-28+AF8-cart+AF8-pole+AF8-grid+AF8-55+AF8-545,55,32,0.001,CartPole+AC0-v0,0.001,False,False,150,26,1,1,21.5733333333333,69,2.29729848183118,,,,,,,,,,,,,,,,,,
547,apr+AF8-28+AF8-cart+AF8-pole+AF8-grid+AF8-55+AF8-547,55,32,0.001,CartPole+AC0-v0,0.001,False,False,150,21,1,1,18.44,60,3.14816232522329,,,,,,,,,,,,,,,,,,
622,apr+AF8-28+AF8-cart+AF8-pole+AF8-grid+AF8-63+AF8-622,63,32,0.1,CartPole+AC0-v0,0.01,False,False,150,13,1,1,14.56,39,9.87347844930796,,,,,,,,,,,,,,,,,,
613,apr+AF8-28+AF8-cart+AF8-pole+AF8-grid+AF8-62+AF8-613,62,32,0.01,CartPole+AC0-v0,0.01,False,False,150,12,1,1,15,64,2.01145883401235,,,,,,,,,,,,,,,,,,
550,apr+AF8-28+AF8-cart+AF8-pole+AF8-grid+AF8-55+AF8-550,55,32,0.001,CartPole+AC0-v0,0.001,False,False,150,32,1,1,20.3533333333333,169,3.55138271301985,,,,,,,,,,,,,,,,,,
620,apr+AF8-28+AF8-cart+AF8-pole+AF8-grid+AF8-62+AF8-620,62,32,0.01,CartPole+AC0-v0,0.01,False,False,150,14,1,1,16.72,52,2.75185401950564,,,,,,,,,,,,,,,,,,
549,apr+AF8-28+AF8-cart+AF8-pole+AF8-grid+AF8-55+AF8-549,55,32,0.001,CartPole+AC0-v0,0.001,False,False,150,37,1,1,22.2666666666667,95,3.14134105476173,,,,,,,,,,,,,,,,,,
543,apr+AF8-28+AF8-cart+AF8-pole+AF8-grid+AF8-55+AF8-543,55,32,0.001,CartPole+AC0-v0,0.001,False,False,150,38,1,1,21.6933333333333,101,2.91696802095363,,,,,,,,,,,,,,,,,,
567,apr+AF8-28+AF8-cart+AF8-pole+AF8-grid+AF8-57+AF8-567,57,32,0.1,CartPole+AC0-v0,0.001,False,False,150,8,1,1,16.8333333333333,58,9.25832459330559,,,,,,,,,,,,,,,,,,
579,apr+AF8-28+AF8-cart+AF8-pole+AF8-grid+AF8-58+AF8-579,58,32,0.001,CartPole+AC0-v0,0.0001,False,False,150,17,1,1,19.1466666666667,59,2.6626053908292,,,,,,,,,,,,,,,,,,
544,apr+AF8-28+AF8-cart+AF8-pole+AF8-grid+AF8-55+AF8-544,55,32,0.001,CartPole+AC0-v0,0.001,False,False,150,11,1,1,24.2866666666667,124,4.24084198474884,,,,,,,,,,,,,,,,,,
583,apr+AF8-28+AF8-cart+AF8-pole+AF8-grid+AF8-59+AF8-583,59,32,0.01,CartPole+AC0-v0,0.0001,False,False,150,22,1,1,20.7733333333333,97,3.75533981756731,,,,,,,,,,,,,,,,,,
592,apr+AF8-28+AF8-cart+AF8-pole+AF8-grid+AF8-60+AF8-592,60,32,0.1,CartPole+AC0-v0,0.0001,False,False,150,16,1,1,21.1733333333333,90,2.46976225078106,,,,,,,,,,,,,,,,,,
619,apr+AF8-28+AF8-cart+AF8-pole+AF8-grid+AF8-62+AF8-619,62,32,0.01,CartPole+AC0-v0,0.01,False,False,150,53,1,1,24.9266666666667,114,3.01409766471611,,,,,,,,,,,,,,,,,,
591,apr+AF8-28+AF8-cart+AF8-pole+AF8-grid+AF8-60+AF8-591,60,32,0.1,CartPole+AC0-v0,0.0001,False,False,150,37,1,1,22.0533333333333,79,2.83073278053387,,,,,,,,,,,,,,,,,,
594,apr+AF8-28+AF8-cart+AF8-pole+AF8-grid+AF8-60+AF8-594,60,32,0.1,CartPole+AC0-v0,0.0001,False,False,150,11,1,1,22.16,66,3.05973121252927,,,,,,,,,,,,,,,,,,
621,apr+AF8-28+AF8-cart+AF8-pole+AF8-grid+AF8-63+AF8-621,63,32,0.1,CartPole+AC0-v0,0.01,False,False,150,18,1,1,28.46,115,6.03325749105877,,,,,,,,,,,,,,,,,,
696,apr+AF8-28+AF8-cart+AF8-pole+AF8-grid+AF8-70+AF8-696,70,64,0.001,CartPole+AC0-v0,0.01,False,False,150,10,1,1,9.79333333333333,25,1.76365078687668,,,,,,,,,,,,,,,,,,
695,apr+AF8-28+AF8-cart+AF8-pole+AF8-grid+AF8-70+AF8-695,70,64,0.001,CartPole+AC0-v0,0.01,False,False,150,10,1,1,9.90666666666667,35,1.26437827348709,,,,,,,,,,,,,,,,,,
697,apr+AF8-28+AF8-cart+AF8-pole+AF8-grid+AF8-70+AF8-697,70,64,0.001,CartPole+AC0-v0,0.01,False,False,150,11,1,1,10.2133333333333,34,0.945125135508451,,,,,,,,,,,,,,,,,,
599,apr+AF8-28+AF8-cart+AF8-pole+AF8-grid+AF8-60+AF8-599,60,32,0.1,CartPole+AC0-v0,0.0001,False,False,150,51,1,1,22.3533333333333,72,2.96926462124376,,,,,,,,,,,,,,,,,,
698,apr+AF8-28+AF8-cart+AF8-pole+AF8-grid+AF8-70+AF8-698,70,64,0.001,CartPole+AC0-v0,0.01,False,False,150,20,1,1,10.8933333333333,62,2.05070072412491,,,,,,,,,,,,,,,,,,
700,apr+AF8-28+AF8-cart+AF8-pole+AF8-grid+AF8-70+AF8-700,70,64,0.001,CartPole+AC0-v0,0.01,False,False,150,13,1,1,10.9733333333333,25,5.43350474651043,,,,,,,,,,,,,,,,,,
558,apr+AF8-28+AF8-cart+AF8-pole+AF8-grid+AF8-56+AF8-558,56,32,0.01,CartPole+AC0-v0,0.001,False,False,150,37,1,1,20.34,200,3.0872923272687,,,,,,,,,,,,,,,,,,
584,apr+AF8-28+AF8-cart+AF8-pole+AF8-grid+AF8-59+AF8-584,59,32,0.01,CartPole+AC0-v0,0.0001,False,False,150,35,1,1,26.9733333333333,74,3.80511741638184,,,,,,,,,,,,,,,,,,
699,apr+AF8-28+AF8-cart+AF8-pole+AF8-grid+AF8-70+AF8-699,70,64,0.001,CartPole+AC0-v0,0.01,False,False,150,20,1,1,11.44,26,1.62368596494198,,,,,,,,,,,,,,,,,,
577,apr+AF8-28+AF8-cart+AF8-pole+AF8-grid+AF8-58+AF8-577,58,32,0.001,CartPole+AC0-v0,0.0001,False,False,150,41,1,1,23.4066666666667,84,2.61548305139309,,,,,,,,,,,,,,,,,,
593,apr+AF8-28+AF8-cart+AF8-pole+AF8-grid+AF8-60+AF8-593,60,32,0.1,CartPole+AC0-v0,0.0001,False,False,150,69,1,1,26.42,101,8.08110114456951,,,,,,,,,,,,,,,,,,
559,apr+AF8-28+AF8-cart+AF8-pole+AF8-grid+AF8-56+AF8-559,56,32,0.01,CartPole+AC0-v0,0.001,False,False,150,11,1,1,22.1733333333333,100,3.37054041840813,,,,,,,,,,,,,,,,,,
569,apr+AF8-28+AF8-cart+AF8-pole+AF8-grid+AF8-57+AF8-569,57,32,0.1,CartPole+AC0-v0,0.001,False,False,150,11,1,1,21.2133333333333,95,2.72405610301278,,,,,,,,,,,,,,,,,,
600,apr+AF8-28+AF8-cart+AF8-pole+AF8-grid+AF8-60+AF8-600,60,32,0.1,CartPole+AC0-v0,0.0001,False,False,150,10,1,1,24.72,87,4.09452538490295,,,,,,,,,,,,,,,,,,
573,apr+AF8-28+AF8-cart+AF8-pole+AF8-grid+AF8-58+AF8-573,58,32,0.001,CartPole+AC0-v0,0.0001,False,False,150,31,1,1,22.82,77,2.83777774533918,,,,,,,,,,,,,,,,,,
711,apr+AF8-28+AF8-cart+AF8-pole+AF8-grid+AF8-72+AF8-711,72,64,0.1,CartPole+AC0-v0,0.01,False,False,150,12,1,1,11.86,39,1.1202552318573,,,,,,,,,,,,,,,,,,
596,apr+AF8-28+AF8-cart+AF8-pole+AF8-grid+AF8-60+AF8-596,60,32,0.1,CartPole+AC0-v0,0.0001,False,False,150,14,1,1,24.3866666666667,88,2.07557506646429,,,,,,,,,,,,,,,,,,
580,apr+AF8-28+AF8-cart+AF8-pole+AF8-grid+AF8-58+AF8-580,58,32,0.001,CartPole+AC0-v0,0.0001,False,False,150,26,1,1,29.9333333333333,159,3.67101861421879,,,,,,,,,,,,,,,,,,
614,apr+AF8-28+AF8-cart+AF8-pole+AF8-grid+AF8-62+AF8-614,62,32,0.01,CartPole+AC0-v0,0.01,False,False,150,92,1,1,33.5533333333333,200,4.41437318661939,,,,,,,,,,,,,,,,,,
595,apr+AF8-28+AF8-cart+AF8-pole+AF8-grid+AF8-60+AF8-595,60,32,0.1,CartPole+AC0-v0,0.0001,False,False,150,12,1,1,24.6333333333333,89,2.94743650158246,,,,,,,,,,,,,,,,,,
576,apr+AF8-28+AF8-cart+AF8-pole+AF8-grid+AF8-58+AF8-576,58,32,0.001,CartPole+AC0-v0,0.0001,False,False,150,11,1,1,23.1933333333333,98,2.75310858813199,,,,,,,,,,,,,,,,,,
707,apr+AF8-28+AF8-cart+AF8-pole+AF8-grid+AF8-71+AF8-707,71,64,0.01,CartPole+AC0-v0,0.01,False,False,150,11,1,1,12.6266666666667,61,1.26426737416874,,,,,,,,,,,,,,,,,,
597,apr+AF8-28+AF8-cart+AF8-pole+AF8-grid+AF8-60+AF8-597,60,32,0.1,CartPole+AC0-v0,0.0001,False,False,150,16,1,1,24.0866666666667,69,3.98671781271696,,,,,,,,,,,,,,,,,,
570,apr+AF8-28+AF8-cart+AF8-pole+AF8-grid+AF8-57+AF8-570,57,32,0.1,CartPole+AC0-v0,0.001,False,False,150,8,1,1,23.36,91,5.15954491496086,,,,,,,,,,,,,,,,,,
572,apr+AF8-28+AF8-cart+AF8-pole+AF8-grid+AF8-58+AF8-572,58,32,0.001,CartPole+AC0-v0,0.0001,False,False,150,18,1,1,25.16,102,3.87821420696047,,,,,,,,,,,,,,,,,,
703,apr+AF8-28+AF8-cart+AF8-pole+AF8-grid+AF8-71+AF8-703,71,64,0.01,CartPole+AC0-v0,0.01,False,False,150,19,1,1,13.1,40,0.948493408529382,,,,,,,,,,,,,,,,,,
807,apr+AF8-28+AF8-cart+AF8-pole+AF8-grid+AF8-81+AF8-807,81,124,0.1,CartPole+AC0-v0,0.01,False,False,150,10,1,1,13.3266666666667,41,1.94504086971283,,,,,,,,,,,,,,,,,,
575,apr+AF8-28+AF8-cart+AF8-pole+AF8-grid+AF8-58+AF8-575,58,32,0.001,CartPole+AC0-v0,0.0001,False,False,150,85,1,1,25.3666666666667,141,3.10847953487845,,,,,,,,,,,,,,,,,,
571,apr+AF8-28+AF8-cart+AF8-pole+AF8-grid+AF8-58+AF8-571,58,32,0.001,CartPole+AC0-v0,0.0001,False,False,150,20,1,1,26.54,97,2.24791525304317,,,,,,,,,,,,,,,,,,
562,apr+AF8-28+AF8-cart+AF8-pole+AF8-grid+AF8-57+AF8-562,57,32,0.1,CartPole+AC0-v0,0.001,False,False,150,16,1,1,23.96,138,4.90262170881033,,,,,,,,,,,,,,,,,,
598,apr+AF8-28+AF8-cart+AF8-pole+AF8-grid+AF8-60+AF8-598,60,32,0.1,CartPole+AC0-v0,0.0001,False,False,150,33,1,1,25.7,70,4.65047927516879,,,,,,,,,,,,,,,,,,
706,apr+AF8-28+AF8-cart+AF8-pole+AF8-grid+AF8-71+AF8-706,71,64,0.01,CartPole+AC0-v0,0.01,False,False,150,33,1,1,14.1,42,1.8739375779123,,,,,,,,,,,,,,,,,,
552,apr+AF8-28+AF8-cart+AF8-pole+AF8-grid+AF8-56+AF8-552,56,32,0.01,CartPole+AC0-v0,0.001,False,False,150,10,1,1,30.5666666666667,99,3.67396203279495,,,,,,,,,,,,,,,,,,
551,apr+AF8-28+AF8-cart+AF8-pole+AF8-grid+AF8-56+AF8-551,56,32,0.01,CartPole+AC0-v0,0.001,False,False,150,60,1,1,31.3533333333333,97,2.9187595397234,,,,,,,,,,,,,,,,,,
568,apr+AF8-28+AF8-cart+AF8-pole+AF8-grid+AF8-57+AF8-568,57,32,0.1,CartPole+AC0-v0,0.001,False,False,150,15,1,1,33.2666666666667,200,19.263387521108,,,,,,,,,,,,,,,,,,
578,apr+AF8-28+AF8-cart+AF8-pole+AF8-grid+AF8-58+AF8-578,58,32,0.001,CartPole+AC0-v0,0.0001,False,False,150,21,1,1,29.6866666666667,95,3.9993280512946,,,,,,,,,,,,,,,,,,
803,apr+AF8-28+AF8-cart+AF8-pole+AF8-grid+AF8-81+AF8-803,81,124,0.1,CartPole+AC0-v0,0.01,False,False,150,12,1,1,13.9,54,1.81198272109032,,,,,,,,,,,,,,,,,,
585,apr+AF8-28+AF8-cart+AF8-pole+AF8-grid+AF8-59+AF8-585,59,32,0.01,CartPole+AC0-v0,0.0001,False,False,150,23,1,1,28.1333333333333,95,2.90498163648274,,,,,,,,,,,,,,,,,,
787,apr+AF8-28+AF8-cart+AF8-pole+AF8-grid+AF8-79+AF8-787,79,124,0.001,CartPole+AC0-v0,0.01,False,False,150,10,1,1,10.32,65,0.580326637625694,,,,,,,,,,,,,,,,,,
784,apr+AF8-28+AF8-cart+AF8-pole+AF8-grid+AF8-79+AF8-784,79,124,0.001,CartPole+AC0-v0,0.01,False,False,150,9,1,1,10.0333333333333,67,0.841444571812948,,,,,,,,,,,,,,,,,,
788,apr+AF8-28+AF8-cart+AF8-pole+AF8-grid+AF8-79+AF8-788,79,124,0.001,CartPole+AC0-v0,0.01,False,False,150,10,1,1,10.0533333333333,33,0.764743679761887,,,,,,,,,,,,,,,,,,
548,apr+AF8-28+AF8-cart+AF8-pole+AF8-grid+AF8-55+AF8-548,55,32,0.001,CartPole+AC0-v0,0.001,False,False,150,49,1,1,44.6733333333333,166,2.77677762265108,,,,,,,,,,,,,,,,,,
588,apr+AF8-28+AF8-cart+AF8-pole+AF8-grid+AF8-59+AF8-588,59,32,0.01,CartPole+AC0-v0,0.0001,False,False,150,31,1,1,28.54,128,3.56957010107656,,,,,,,,,,,,,,,,,,
557,apr+AF8-28+AF8-cart+AF8-pole+AF8-grid+AF8-56+AF8-557,56,32,0.01,CartPole+AC0-v0,0.001,False,False,150,26,1,1,30.1266666666667,112,2.74098333028647,,,,,,,,,,,,,,,,,,
790,apr+AF8-28+AF8-cart+AF8-pole+AF8-grid+AF8-79+AF8-790,79,124,0.001,CartPole+AC0-v0,0.01,False,False,150,10,1,1,10.28,34,2.24885575771332,,,,,,,,,,,,,,,,,,
781,apr+AF8-28+AF8-cart+AF8-pole+AF8-grid+AF8-79+AF8-781,79,124,0.001,CartPole+AC0-v0,0.01,False,False,150,10,1,1,10.32,35,2.14580942392349,,,,,,,,,,,,,,,,,,
582,apr+AF8-28+AF8-cart+AF8-pole+AF8-grid+AF8-59+AF8-582,59,32,0.01,CartPole+AC0-v0,0.0001,False,False,150,76,1,1,29.8,105,3.98527698610958,,,,,,,,,,,,,,,,,,
587,apr+AF8-28+AF8-cart+AF8-pole+AF8-grid+AF8-59+AF8-587,59,32,0.01,CartPole+AC0-v0,0.0001,False,False,150,21,1,1,30.04,104,3.36356409674599,,,,,,,,,,,,,,,,,,
581,apr+AF8-28+AF8-cart+AF8-pole+AF8-grid+AF8-59+AF8-581,59,32,0.01,CartPole+AC0-v0,0.0001,False,False,150,27,1,1,30.3266666666667,97,4.69776504348826,,,,,,,,,,,,,,,,,,
719,apr+AF8-28+AF8-cart+AF8-pole+AF8-grid+AF8-72+AF8-719,72,64,0.1,CartPole+AC0-v0,0.01,False,False,150,13,1,1,16.26,88,3.41801304083604,,,,,,,,,,,,,,,,,,
716,apr+AF8-28+AF8-cart+AF8-pole+AF8-grid+AF8-72+AF8-716,72,64,0.1,CartPole+AC0-v0,0.01,False,False,150,26,1,1,16.7733333333333,69,2.40718799141737,,,,,,,,,,,,,,,,,,
616,apr+AF8-28+AF8-cart+AF8-pole+AF8-grid+AF8-62+AF8-616,62,32,0.01,CartPole+AC0-v0,0.01,False,False,150,36,1,1,27.6733333333333,117,4.04254048400455,,,,,,,,,,,,,,,,,,
786,apr+AF8-28+AF8-cart+AF8-pole+AF8-grid+AF8-79+AF8-786,79,124,0.001,CartPole+AC0-v0,0.01,False,False,150,9,1,1,10.0066666666667,35,0.976228098074595,,,,,,,,,,,,,,,,,,
617,apr+AF8-28+AF8-cart+AF8-pole+AF8-grid+AF8-62+AF8-617,62,32,0.01,CartPole+AC0-v0,0.01,False,False,150,15,1,1,28.8066666666667,94,3.48111354907354,,,,,,,,,,,,,,,,,,
729,apr+AF8-28+AF8-cart+AF8-pole+AF8-grid+AF8-73+AF8-729,73,124,0.001,CartPole+AC0-v0,0.001,False,False,150,9,1,1,12.0666666666667,45,1.28515878650877,,,,,,,,,,,,,,,,,,
611,apr+AF8-28+AF8-cart+AF8-pole+AF8-grid+AF8-62+AF8-611,62,32,0.01,CartPole+AC0-v0,0.01,False,False,150,126,1,1,30.1333333333333,200,4.41529038926912,,,,,,,,,,,,,,,,,,
782,apr+AF8-28+AF8-cart+AF8-pole+AF8-grid+AF8-79+AF8-782,79,124,0.001,CartPole+AC0-v0,0.01,False,False,150,13,1,1,11.86,31,1.76389884031736,,,,,,,,,,,,,,,,,,
712,apr+AF8-28+AF8-cart+AF8-pole+AF8-grid+AF8-72+AF8-712,72,64,0.1,CartPole+AC0-v0,0.01,False,False,150,24,1,1,22.4066666666667,73,4.16972203552723,,,,,,,,,,,,,,,,,,
612,apr+AF8-28+AF8-cart+AF8-pole+AF8-grid+AF8-62+AF8-612,62,32,0.01,CartPole+AC0-v0,0.01,False,False,150,134,1,1,30.92,149,1.92274314743369,,,,,,,,,,,,,,,,,,
730,apr+AF8-28+AF8-cart+AF8-pole+AF8-grid+AF8-73+AF8-730,73,124,0.001,CartPole+AC0-v0,0.001,False,False,150,10,1,1,12.4933333333333,36,1.27105022668839,,,,,,,,,,,,,,,,,,
725,apr+AF8-28+AF8-cart+AF8-pole+AF8-grid+AF8-73+AF8-725,73,124,0.001,CartPole+AC0-v0,0.001,False,False,150,10,1,1,12.3733333333333,45,1.52631177902222,,,,,,,,,,,,,,,,,,
590,apr+AF8-28+AF8-cart+AF8-pole+AF8-grid+AF8-59+AF8-590,59,32,0.01,CartPole+AC0-v0,0.0001,False,False,150,22,1,1,32.1466666666667,127,4.29566337845542,,,,,,,,,,,,,,,,,,
795,apr+AF8-28+AF8-cart+AF8-pole+AF8-grid+AF8-80+AF8-795,80,124,0.01,CartPole+AC0-v0,0.01,False,False,150,13,1,1,11.92,29,3.19981288909912,,,,,,,,,,,,,,,,,,
586,apr+AF8-28+AF8-cart+AF8-pole+AF8-grid+AF8-59+AF8-586,59,32,0.01,CartPole+AC0-v0,0.0001,False,False,150,115,1,1,35.4466666666667,148,8.86484515977942,,,,,,,,,,,,,,,,,,
723,apr+AF8-28+AF8-cart+AF8-pole+AF8-grid+AF8-73+AF8-723,73,124,0.001,CartPole+AC0-v0,0.001,False,False,150,8,1,1,12.02,44,1.43038623034954,,,,,,,,,,,,,,,,,,
720,apr+AF8-28+AF8-cart+AF8-pole+AF8-grid+AF8-72+AF8-720,72,64,0.1,CartPole+AC0-v0,0.01,False,False,150,10,1,1,20.76,66,4.81479399204254,,,,,,,,,,,,,,,,,,
728,apr+AF8-28+AF8-cart+AF8-pole+AF8-grid+AF8-73+AF8-728,73,124,0.001,CartPole+AC0-v0,0.001,False,False,150,10,1,1,12.8266666666667,59,2.67565188407898,,,,,,,,,,,,,,,,,,
718,apr+AF8-28+AF8-cart+AF8-pole+AF8-grid+AF8-72+AF8-718,72,64,0.1,CartPole+AC0-v0,0.01,False,False,150,10,1,1,18.3,72,2.71567723751068,,,,,,,,,,,,,,,,,,
618,apr+AF8-28+AF8-cart+AF8-pole+AF8-grid+AF8-62+AF8-618,62,32,0.01,CartPole+AC0-v0,0.01,False,False,150,66,1,1,32.7066666666667,101,3.64014664382646,,,,,,,,,,,,,,,,,,
708,apr+AF8-28+AF8-cart+AF8-pole+AF8-grid+AF8-71+AF8-708,71,64,0.01,CartPole+AC0-v0,0.01,False,False,150,20,1,1,24.8666666666667,88,3.3758574962616,,,,,,,,,,,,,,,,,,
713,apr+AF8-28+AF8-cart+AF8-pole+AF8-grid+AF8-72+AF8-713,72,64,0.1,CartPole+AC0-v0,0.01,False,False,150,9,1,1,16.5,71,3.53874157534705,,,,,,,,,,,,,,,,,,
589,apr+AF8-28+AF8-cart+AF8-pole+AF8-grid+AF8-59+AF8-589,59,32,0.01,CartPole+AC0-v0,0.0001,False,False,150,46,1,1,30.26,106,3.66674315022386,,,,,,,,,,,,,,,,,,
714,apr+AF8-28+AF8-cart+AF8-pole+AF8-grid+AF8-72+AF8-714,72,64,0.1,CartPole+AC0-v0,0.01,False,False,150,52,1,1,17.0533333333333,71,2.51797313988209,,,,,,,,,,,,,,,,,,
785,apr+AF8-28+AF8-cart+AF8-pole+AF8-grid+AF8-79+AF8-785,79,124,0.001,CartPole+AC0-v0,0.01,False,False,150,21,1,1,13.6533333333333,35,2.89464577039083,,,,,,,,,,,,,,,,,,
561,apr+AF8-28+AF8-cart+AF8-pole+AF8-grid+AF8-57+AF8-561,57,32,0.1,CartPole+AC0-v0,0.001,False,False,150,14,1,1,37.5066666666667,136,9.71733847686223,,,,,,,,,,,,,,,,,,
727,apr+AF8-28+AF8-cart+AF8-pole+AF8-grid+AF8-73+AF8-727,73,124,0.001,CartPole+AC0-v0,0.001,False,False,150,47,1,1,15.0066666666667,67,1.53888817797316,,,,,,,,,,,,,,,,,,
704,apr+AF8-28+AF8-cart+AF8-pole+AF8-grid+AF8-71+AF8-704,71,64,0.01,CartPole+AC0-v0,0.01,False,False,150,83,1,1,27.4533333333333,111,2.90811022505703,,,,,,,,,,,,,,,,,,
563,apr+AF8-28+AF8-cart+AF8-pole+AF8-grid+AF8-57+AF8-563,57,32,0.1,CartPole+AC0-v0,0.001,False,False,150,40,1,1,32.1533333333333,92,4.11103435456753,,,,,,,,,,,,,,,,,,
732,apr+AF8-28+AF8-cart+AF8-pole+AF8-grid+AF8-74+AF8-732,74,124,0.01,CartPole+AC0-v0,0.001,False,False,150,12,1,1,14.7666666666667,36,1.3939376026392,,,,,,,,,,,,,,,,,,
736,apr+AF8-28+AF8-cart+AF8-pole+AF8-grid+AF8-74+AF8-736,74,124,0.01,CartPole+AC0-v0,0.001,False,False,150,9,1,1,14.8066666666667,44,1.98345375061035,,,,,,,,,,,,,,,,,,
574,apr+AF8-28+AF8-cart+AF8-pole+AF8-grid+AF8-58+AF8-574,58,32,0.001,CartPole+AC0-v0,0.0001,False,False,150,111,1,1,44.6333333333333,200,3.61102020149832,,,,,,,,,,,,,,,,,,
804,apr+AF8-28+AF8-cart+AF8-pole+AF8-grid+AF8-81+AF8-804,81,124,0.1,CartPole+AC0-v0,0.01,False,False,150,20,1,1,25.16,133,3.60001799464226,,,,,,,,,,,,,,,,,,
789,apr+AF8-28+AF8-cart+AF8-pole+AF8-grid+AF8-79+AF8-789,79,124,0.001,CartPole+AC0-v0,0.01,False,False,150,41,1,1,18.9466666666667,42,2.37547638212762,,,,,,,,,,,,,,,,,,
791,apr+AF8-28+AF8-cart+AF8-pole+AF8-grid+AF8-80+AF8-791,80,124,0.01,CartPole+AC0-v0,0.01,False,False,150,21,1,1,15.3266666666667,110,2.02142215910412,,,,,,,,,,,,,,,,,,
721,apr+AF8-28+AF8-cart+AF8-pole+AF8-grid+AF8-73+AF8-721,73,124,0.001,CartPole+AC0-v0,0.001,False,False,150,15,1,1,16.4466666666667,74,1.84930522839228,,,,,,,,,,,,,,,,,,
566,apr+AF8-28+AF8-cart+AF8-pole+AF8-grid+AF8-57+AF8-566,57,32,0.1,CartPole+AC0-v0,0.001,False,False,150,10,1,1,31.6,160,3.46079745292664,,,,,,,,,,,,,,,,,,
783,apr+AF8-28+AF8-cart+AF8-pole+AF8-grid+AF8-79+AF8-783,79,124,0.001,CartPole+AC0-v0,0.01,False,False,150,24,1,1,22.2733333333333,71,3.05091012020906,,,,,,,,,,,,,,,,,,
564,apr+AF8-28+AF8-cart+AF8-pole+AF8-grid+AF8-57+AF8-564,57,32,0.1,CartPole+AC0-v0,0.001,False,False,150,58,1,1,40.26,115,3.29927238821983,,,,,,,,,,,,,,,,,,
802,apr+AF8-28+AF8-cart+AF8-pole+AF8-grid+AF8-81+AF8-802,81,124,0.1,CartPole+AC0-v0,0.01,False,False,150,10,1,1,17.44,69,3.57422108650208,,,,,,,,,,,,,,,,,,
793,apr+AF8-28+AF8-cart+AF8-pole+AF8-grid+AF8-80+AF8-793,80,124,0.01,CartPole+AC0-v0,0.01,False,False,150,40,1,1,17.78,102,2.51953118890524,,,,,,,,,,,,,,,,,,
701,apr+AF8-28+AF8-cart+AF8-pole+AF8-grid+AF8-71+AF8-701,71,64,0.01,CartPole+AC0-v0,0.01,False,False,150,59,1,1,26.62,76,2.90829053874743,,,,,,,,,,,,,,,,,,
733,apr+AF8-28+AF8-cart+AF8-pole+AF8-grid+AF8-74+AF8-733,74,124,0.01,CartPole+AC0-v0,0.001,False,False,150,9,1,1,17.6733333333333,115,2.54413872294956,,,,,,,,,,,,,,,,,,
556,apr+AF8-28+AF8-cart+AF8-pole+AF8-grid+AF8-56+AF8-556,56,32,0.01,CartPole+AC0-v0,0.001,False,False,150,29,1,1,37.1666666666667,99,4.05900645256043,,,,,,,,,,,,,,,,,,
808,apr+AF8-28+AF8-cart+AF8-pole+AF8-grid+AF8-81+AF8-808,81,124,0.1,CartPole+AC0-v0,0.01,False,False,150,95,1,1,32.1933333333333,200,6.1518626765201,,,,,,,,,,,,,,,,,,
715,apr+AF8-28+AF8-cart+AF8-pole+AF8-grid+AF8-72+AF8-715,72,64,0.1,CartPole+AC0-v0,0.01,False,False,150,34,1,1,36.82,200,5.42356095243903,,,,,,,,,,,,,,,,,,
744,apr+AF8-28+AF8-cart+AF8-pole+AF8-grid+AF8-75+AF8-744,75,124,0.1,CartPole+AC0-v0,0.001,False,False,150,23,1,1,18.6466666666667,48,2.32929486295451,,,,,,,,,,,,,,,,,,
801,apr+AF8-28+AF8-cart+AF8-pole+AF8-grid+AF8-81+AF8-801,81,124,0.1,CartPole+AC0-v0,0.01,False,False,150,23,1,1,19.16,96,5.2652515432109,,,,,,,,,,,,,,,,,,
792,apr+AF8-28+AF8-cart+AF8-pole+AF8-grid+AF8-80+AF8-792,80,124,0.01,CartPole+AC0-v0,0.01,False,False,150,26,1,1,22.4133333333333,89,2.48248212154095,,,,,,,,,,,,,,,,,,
722,apr+AF8-28+AF8-cart+AF8-pole+AF8-grid+AF8-73+AF8-722,73,124,0.001,CartPole+AC0-v0,0.001,False,False,150,27,1,1,24.6533333333333,117,2.46255319648319,,,,,,,,,,,,,,,,,,
739,apr+AF8-28+AF8-cart+AF8-pole+AF8-grid+AF8-74+AF8-739,74,124,0.01,CartPole+AC0-v0,0.001,False,False,150,22,1,1,20.3733333333333,96,2.86630283702504,,,,,,,,,,,,,,,,,,
752,apr+AF8-28+AF8-cart+AF8-pole+AF8-grid+AF8-76+AF8-752,76,124,0.001,CartPole+AC0-v0,0.0001,False,False,150,18,1,1,20.48,71,2.66299366288715,,,,,,,,,,,,,,,,,,
737,apr+AF8-28+AF8-cart+AF8-pole+AF8-grid+AF8-74+AF8-737,74,124,0.01,CartPole+AC0-v0,0.001,False,False,150,23,1,1,20.6733333333333,63,2.30589838131614,,,,,,,,,,,,,,,,,,
724,apr+AF8-28+AF8-cart+AF8-pole+AF8-grid+AF8-73+AF8-724,73,124,0.001,CartPole+AC0-v0,0.001,False,False,150,56,1,1,29.0733333333333,134,2.49759026723249,,,,,,,,,,,,,,,,,,
753,apr+AF8-28+AF8-cart+AF8-pole+AF8-grid+AF8-76+AF8-753,76,124,0.001,CartPole+AC0-v0,0.0001,False,False,150,13,1,1,20.6466666666667,70,3.27613687515259,,,,,,,,,,,,,,,,,,
717,apr+AF8-28+AF8-cart+AF8-pole+AF8-grid+AF8-72+AF8-717,72,64,0.1,CartPole+AC0-v0,0.01,False,False,150,11,1,1,42.9733333333333,174,3.82134864547036,,,,,,,,,,,,,,,,,,
726,apr+AF8-28+AF8-cart+AF8-pole+AF8-grid+AF8-73+AF8-726,73,124,0.001,CartPole+AC0-v0,0.001,False,False,150,32,1,1,30.8,86,2.32749213650823,,,,,,,,,,,,,,,,,,
771,apr+AF8-28+AF8-cart+AF8-pole+AF8-grid+AF8-78+AF8-771,78,124,0.1,CartPole+AC0-v0,0.0001,False,False,150,13,1,1,20.7666666666667,61,4.7836089684413,,,,,,,,,,,,,,,,,,
555,apr+AF8-28+AF8-cart+AF8-pole+AF8-grid+AF8-56+AF8-555,56,32,0.01,CartPole+AC0-v0,0.001,False,False,150,67,1,1,47.3666666666667,138,1.15232640104507,,,,,,,,,,,,,,,,,,
692,apr+AF8-28+AF8-cart+AF8-pole+AF8-grid+AF8-70+AF8-692,70,64,0.001,CartPole+AC0-v0,0.01,False,False,150,10,1,1,9.87333333333333,30,1.45712262392044,,,,,,,,,,,,,,,,,,
780,apr+AF8-28+AF8-cart+AF8-pole+AF8-grid+AF8-78+AF8-780,78,124,0.1,CartPole+AC0-v0,0.0001,False,False,150,15,1,1,21.1266666666667,91,4.47046279907227,,,,,,,,,,,,,,,,,,
626,apr+AF8-28+AF8-cart+AF8-pole+AF8-grid+AF8-63+AF8-626,63,32,0.1,CartPole+AC0-v0,0.01,False,False,150,10,1,1,14,55,2.48737145662308,,,,,,,,,,,,,,,,,,
694,apr+AF8-28+AF8-cart+AF8-pole+AF8-grid+AF8-70+AF8-694,70,64,0.001,CartPole+AC0-v0,0.01,False,False,150,15,1,1,11.3866666666667,51,2.00670471191406,,,,,,,,,,,,,,,,,,
772,apr+AF8-28+AF8-cart+AF8-pole+AF8-grid+AF8-78+AF8-772,78,124,0.1,CartPole+AC0-v0,0.0001,False,False,150,40,1,1,24.4066666666667,102,3.74853183925152,,,,,,,,,,,,,,,,,,
635,apr+AF8-28+AF8-cart+AF8-pole+AF8-grid+AF8-64+AF8-635,64,64,0.001,CartPole+AC0-v0,0.001,False,False,150,10,1,1,11.9866666666667,42,1.28906546235085,,,,,,,,,,,,,,,,,,
751,apr+AF8-28+AF8-cart+AF8-pole+AF8-grid+AF8-76+AF8-751,76,124,0.001,CartPole+AC0-v0,0.0001,False,False,150,41,1,1,25.7333333333333,91,3.06929755792385,,,,,,,,,,,,,,,,,,
565,apr+AF8-28+AF8-cart+AF8-pole+AF8-grid+AF8-57+AF8-565,57,32,0.1,CartPole+AC0-v0,0.001,False,False,150,86,1,1,50.8333333333333,200,5.8333976857884,,,,,,,,,,,,,,,,,,
623,apr+AF8-28+AF8-cart+AF8-pole+AF8-grid+AF8-63+AF8-623,63,32,0.1,CartPole+AC0-v0,0.01,False,False,150,20,1,1,16.04,76,4.07683786153793,,,,,,,,,,,,,,,,,,
693,apr+AF8-28+AF8-cart+AF8-pole+AF8-grid+AF8-70+AF8-693,70,64,0.001,CartPole+AC0-v0,0.01,False,False,150,16,1,1,13.0666666666667,88,1.45777009986341,,,,,,,,,,,,,,,,,,
749,apr+AF8-28+AF8-cart+AF8-pole+AF8-grid+AF8-75+AF8-749,75,124,0.1,CartPole+AC0-v0,0.001,False,False,150,12,1,1,20.8066666666667,106,1.26137501001358,,,,,,,,,,,,,,,,,,
746,apr+AF8-28+AF8-cart+AF8-pole+AF8-grid+AF8-75+AF8-746,75,124,0.1,CartPole+AC0-v0,0.001,False,False,150,26,1,1,22.5,104,3.89582219490638,,,,,,,,,,,,,,,,,,
629,apr+AF8-28+AF8-cart+AF8-pole+AF8-grid+AF8-63+AF8-629,63,32,0.1,CartPole+AC0-v0,0.01,False,False,150,77,1,1,16.44,85,3.62144609550377,,,,,,,,,,,,,,,,,,
743,apr+AF8-28+AF8-cart+AF8-pole+AF8-grid+AF8-75+AF8-743,75,124,0.1,CartPole+AC0-v0,0.001,False,False,150,80,1,1,28.1066666666667,149,5.68289265036583,,,,,,,,,,,,,,,,,,
639,apr+AF8-28+AF8-cart+AF8-pole+AF8-grid+AF8-64+AF8-639,64,64,0.001,CartPole+AC0-v0,0.001,False,False,150,10,1,1,12.2533333333333,61,1.5876643538475,,,,,,,,,,,,,,,,,,
754,apr+AF8-28+AF8-cart+AF8-pole+AF8-grid+AF8-76+AF8-754,76,124,0.001,CartPole+AC0-v0,0.0001,False,False,150,23,1,1,27.1,135,2.63038518117822,,,,,,,,,,,,,,,,,,
774,apr+AF8-28+AF8-cart+AF8-pole+AF8-grid+AF8-78+AF8-774,78,124,0.1,CartPole+AC0-v0,0.0001,False,False,150,12,1,1,24.28,78,5.53602663675944,,,,,,,,,,,,,,,,,,
625,apr+AF8-28+AF8-cart+AF8-pole+AF8-grid+AF8-63+AF8-625,63,32,0.1,CartPole+AC0-v0,0.01,False,False,150,9,1,1,21.6133333333333,84,2.35639333724976,,,,,,,,,,,,,,,,,,
770,apr+AF8-28+AF8-cart+AF8-pole+AF8-grid+AF8-77+AF8-770,77,124,0.01,CartPole+AC0-v0,0.0001,False,False,150,34,1,1,24.2466666666667,88,3.2771255198647,,,,,,,,,,,,,,,,,,
630,apr+AF8-28+AF8-cart+AF8-pole+AF8-grid+AF8-63+AF8-630,63,32,0.1,CartPole+AC0-v0,0.01,False,False,150,13,1,1,19.0733333333333,56,12.4732465377221,,,,,,,,,,,,,,,,,,
745,apr+AF8-28+AF8-cart+AF8-pole+AF8-grid+AF8-75+AF8-745,75,124,0.1,CartPole+AC0-v0,0.001,False,False,150,25,1,1,24.9,82,2.50090736865997,,,,,,,,,,,,,,,,,,
638,apr+AF8-28+AF8-cart+AF8-pole+AF8-grid+AF8-64+AF8-638,64,64,0.001,CartPole+AC0-v0,0.001,False,False,150,14,1,1,14.24,42,2.90529346466064,,,,,,,,,,,,,,,,,,
763,apr+AF8-28+AF8-cart+AF8-pole+AF8-grid+AF8-77+AF8-763,77,124,0.01,CartPole+AC0-v0,0.0001,False,False,150,39,1,1,25.0733333333333,84,2.72379470482851,,,,,,,,,,,,,,,,,,
767,apr+AF8-28+AF8-cart+AF8-pole+AF8-grid+AF8-77+AF8-767,77,124,0.01,CartPole+AC0-v0,0.0001,False,False,150,60,1,1,24.92,126,2.73028758962949,,,,,,,,,,,,,,,,,,
691,apr+AF8-28+AF8-cart+AF8-pole+AF8-grid+AF8-70+AF8-691,70,64,0.001,CartPole+AC0-v0,0.01,False,False,150,33,1,1,19.22,78,3.21430959123554,,,,,,,,,,,,,,,,,,
773,apr+AF8-28+AF8-cart+AF8-pole+AF8-grid+AF8-78+AF8-773,78,124,0.1,CartPole+AC0-v0,0.0001,False,False,150,32,1,1,26.8666666666667,112,3.77731816470623,,,,,,,,,,,,,,,,,,
648,apr+AF8-28+AF8-cart+AF8-pole+AF8-grid+AF8-65+AF8-648,65,64,0.01,CartPole+AC0-v0,0.001,False,False,150,12,1,1,15.4933333333333,87,2.48047033945719,,,,,,,,,,,,,,,,,,
624,apr+AF8-28+AF8-cart+AF8-pole+AF8-grid+AF8-63+AF8-624,63,32,0.1,CartPole+AC0-v0,0.01,False,False,150,23,1,1,23.72,90,3.87613369070965,,,,,,,,,,,,,,,,,,
740,apr+AF8-28+AF8-cart+AF8-pole+AF8-grid+AF8-74+AF8-740,74,124,0.01,CartPole+AC0-v0,0.001,False,False,150,59,1,1,31.24,131,2.98285071526544,,,,,,,,,,,,,,,,,,
779,apr+AF8-28+AF8-cart+AF8-pole+AF8-grid+AF8-78+AF8-779,78,124,0.1,CartPole+AC0-v0,0.0001,False,False,150,10,1,1,29.6333333333333,116,6.7791601896286,,,,,,,,,,,,,,,,,,
778,apr+AF8-28+AF8-cart+AF8-pole+AF8-grid+AF8-78+AF8-778,78,124,0.1,CartPole+AC0-v0,0.0001,False,False,150,25,1,1,25.9533333333333,94,4.58308355808258,,,,,,,,,,,,,,,,,,
757,apr+AF8-28+AF8-cart+AF8-pole+AF8-grid+AF8-76+AF8-757,76,124,0.001,CartPole+AC0-v0,0.0001,False,False,150,27,1,1,26.5533333333333,114,2.96481962115676,,,,,,,,,,,,,,,,,,
636,apr+AF8-28+AF8-cart+AF8-pole+AF8-grid+AF8-64+AF8-636,64,64,0.001,CartPole+AC0-v0,0.001,False,False,150,18,1,1,20.2466666666667,134,2.11691077550252,,,,,,,,,,,,,,,,,,
764,apr+AF8-28+AF8-cart+AF8-pole+AF8-grid+AF8-77+AF8-764,77,124,0.01,CartPole+AC0-v0,0.0001,False,False,150,12,1,1,28.28,79,4.4306165377299,,,,,,,,,,,,,,,,,,
641,apr+AF8-28+AF8-cart+AF8-pole+AF8-grid+AF8-65+AF8-641,65,64,0.01,CartPole+AC0-v0,0.001,False,False,150,12,1,1,15.7933333333333,50,1.80321028828621,,,,,,,,,,,,,,,,,,
634,apr+AF8-28+AF8-cart+AF8-pole+AF8-grid+AF8-64+AF8-634,64,64,0.001,CartPole+AC0-v0,0.001,False,False,150,15,1,1,17.3133333333333,169,2.81340258916219,,,,,,,,,,,,,,,,,,
762,apr+AF8-28+AF8-cart+AF8-pole+AF8-grid+AF8-77+AF8-762,77,124,0.01,CartPole+AC0-v0,0.0001,False,False,150,31,1,1,27.3266666666667,86,2.00431305362332,,,,,,,,,,,,,,,,,,
761,apr+AF8-28+AF8-cart+AF8-pole+AF8-grid+AF8-77+AF8-761,77,124,0.01,CartPole+AC0-v0,0.0001,False,False,150,25,1,1,27.74,91,3.1211502122879,,,,,,,,,,,,,,,,,,
750,apr+AF8-28+AF8-cart+AF8-pole+AF8-grid+AF8-75+AF8-750,75,124,0.1,CartPole+AC0-v0,0.001,False,False,150,46,1,1,27.5933333333333,94,3.85552785707557,,,,,,,,,,,,,,,,,,
777,apr+AF8-28+AF8-cart+AF8-pole+AF8-grid+AF8-78+AF8-777,78,124,0.1,CartPole+AC0-v0,0.0001,False,False,150,53,1,1,28.8,117,4.28499383971376,,,,,,,,,,,,,,,,,,
633,apr+AF8-28+AF8-cart+AF8-pole+AF8-grid+AF8-64+AF8-633,64,64,0.001,CartPole+AC0-v0,0.001,False,False,150,26,1,1,18.06,142,2.37492729608829,,,,,,,,,,,,,,,,,,
748,apr+AF8-28+AF8-cart+AF8-pole+AF8-grid+AF8-75+AF8-748,75,124,0.1,CartPole+AC0-v0,0.001,False,False,150,13,1,1,27.5266666666667,77,4.21839871773353,,,,,,,,,,,,,,,,,,
738,apr+AF8-28+AF8-cart+AF8-pole+AF8-grid+AF8-74+AF8-738,74,124,0.01,CartPole+AC0-v0,0.001,False,False,150,65,1,1,34.7133333333333,200,3.61456787586212,,,,,,,,,,,,,,,,,,
756,apr+AF8-28+AF8-cart+AF8-pole+AF8-grid+AF8-76+AF8-756,76,124,0.001,CartPole+AC0-v0,0.0001,False,False,150,45,1,1,27.82,138,2.45793746577369,,,,,,,,,,,,,,,,,,
705,apr+AF8-28+AF8-cart+AF8-pole+AF8-grid+AF8-71+AF8-705,71,64,0.01,CartPole+AC0-v0,0.01,False,False,150,141,1,1,70.9466666666667,200,3.84279023248253,,,,,,,,,,,,,,,,,,
768,apr+AF8-28+AF8-cart+AF8-pole+AF8-grid+AF8-77+AF8-768,77,124,0.01,CartPole+AC0-v0,0.0001,False,False,150,57,1,1,30.2666666666667,117,5.94779288141351,,,,,,,,,,,,,,,,,,
759,apr+AF8-28+AF8-cart+AF8-pole+AF8-grid+AF8-76+AF8-759,76,124,0.001,CartPole+AC0-v0,0.0001,False,False,150,60,1,1,27.0733333333333,94,2.65482581059138,,,,,,,,,,,,,,,,,,
628,apr+AF8-28+AF8-cart+AF8-pole+AF8-grid+AF8-63+AF8-628,63,32,0.1,CartPole+AC0-v0,0.01,False,False,150,23,1,1,24.54,94,6.9832815553831,,,,,,,,,,,,,,,,,,
755,apr+AF8-28+AF8-cart+AF8-pole+AF8-grid+AF8-76+AF8-755,76,124,0.001,CartPole+AC0-v0,0.0001,False,False,150,66,1,1,28.74,83,2.28183183164308,,,,,,,,,,,,,,,,,,
637,apr+AF8-28+AF8-cart+AF8-pole+AF8-grid+AF8-64+AF8-637,64,64,0.001,CartPole+AC0-v0,0.001,False,False,150,46,1,1,24.0933333333333,135,2.82941382605097,,,,,,,,,,,,,,,,,,
806,apr+AF8-28+AF8-cart+AF8-pole+AF8-grid+AF8-81+AF8-806,81,124,0.1,CartPole+AC0-v0,0.01,False,False,150,135,1,1,34.5066666666667,200,4.80785295874984,,,,,,,,,,,,,,,,,,
702,apr+AF8-28+AF8-cart+AF8-pole+AF8-grid+AF8-71+AF8-702,71,64,0.01,CartPole+AC0-v0,0.01,False,False,150,76,1,1,63.6933333333333,200,3.43018163897489,,,,,,,,,,,,,,,,,,
776,apr+AF8-28+AF8-cart+AF8-pole+AF8-grid+AF8-78+AF8-776,78,124,0.1,CartPole+AC0-v0,0.0001,False,False,150,15,1,1,29.48,129,3.84958009719849,,,,,,,,,,,,,,,,,,
653,apr+AF8-28+AF8-cart+AF8-pole+AF8-grid+AF8-66+AF8-653,66,64,0.1,CartPole+AC0-v0,0.001,False,False,150,17,1,1,19.2933333333333,49,4.23218802844777,,,,,,,,,,,,,,,,,,
651,apr+AF8-28+AF8-cart+AF8-pole+AF8-grid+AF8-66+AF8-651,66,64,0.1,CartPole+AC0-v0,0.001,False,False,150,25,1,1,20.1333333333333,94,6.69196201324463,,,,,,,,,,,,,,,,,,
775,apr+AF8-28+AF8-cart+AF8-pole+AF8-grid+AF8-78+AF8-775,78,124,0.1,CartPole+AC0-v0,0.0001,False,False,150,102,1,1,29.9933333333333,134,3.69376131483153,,,,,,,,,,,,,,,,,,
669,apr+AF8-28+AF8-cart+AF8-pole+AF8-grid+AF8-67+AF8-669,67,64,0.001,CartPole+AC0-v0,0.0001,False,False,150,10,1,1,21.4133333333333,108,2.63420616388321,,,,,,,,,,,,,,,,,,
656,apr+AF8-28+AF8-cart+AF8-pole+AF8-grid+AF8-66+AF8-656,66,64,0.1,CartPole+AC0-v0,0.001,False,False,150,31,1,1,21.0666666666667,178,2.5924809517399,,,,,,,,,,,,,,,,,,
760,apr+AF8-28+AF8-cart+AF8-pole+AF8-grid+AF8-76+AF8-760,76,124,0.001,CartPole+AC0-v0,0.0001,False,False,150,28,1,1,32.64,99,3.40449575441224,,,,,,,,,,,,,,,,,,
645,apr+AF8-28+AF8-cart+AF8-pole+AF8-grid+AF8-65+AF8-645,65,64,0.01,CartPole+AC0-v0,0.001,False,False,150,10,1,1,20.66,91,2.29537920355797,,,,,,,,,,,,,,,,,,
676,apr+AF8-28+AF8-cart+AF8-pole+AF8-grid+AF8-68+AF8-676,68,64,0.01,CartPole+AC0-v0,0.0001,False,False,150,13,1,1,21.7533333333333,98,3.01134251631223,,,,,,,,,,,,,,,,,,
681,apr+AF8-28+AF8-cart+AF8-pole+AF8-grid+AF8-69+AF8-681,69,64,0.1,CartPole+AC0-v0,0.0001,False,False,150,37,1,1,21.96,73,4.15196289242925,,,,,,,,,,,,,,,,,,
805,apr+AF8-28+AF8-cart+AF8-pole+AF8-grid+AF8-81+AF8-805,81,124,0.1,CartPole+AC0-v0,0.01,False,False,150,56,1,1,37.32,86,3.16219034258808,,,,,,,,,,,,,,,,,,
677,apr+AF8-28+AF8-cart+AF8-pole+AF8-grid+AF8-68+AF8-677,68,64,0.01,CartPole+AC0-v0,0.0001,False,False,150,30,1,1,19.3333333333333,59,2.58843138813972,,,,,,,,,,,,,,,,,,
627,apr+AF8-28+AF8-cart+AF8-pole+AF8-grid+AF8-63+AF8-627,63,32,0.1,CartPole+AC0-v0,0.01,False,False,150,46,1,1,38.46,100,2.86579562529274,,,,,,,,,,,,,,,,,,
647,apr+AF8-28+AF8-cart+AF8-pole+AF8-grid+AF8-65+AF8-647,65,64,0.01,CartPole+AC0-v0,0.001,False,False,150,12,1,1,30.0733333333333,179,3.85400368769964,,,,,,,,,,,,,,,,,,
682,apr+AF8-28+AF8-cart+AF8-pole+AF8-grid+AF8-69+AF8-682,69,64,0.1,CartPole+AC0-v0,0.0001,False,False,150,74,1,1,25.92,87,6.60110032236254,,,,,,,,,,,,,,,,,,
673,apr+AF8-28+AF8-cart+AF8-pole+AF8-grid+AF8-68+AF8-673,68,64,0.01,CartPole+AC0-v0,0.0001,False,False,150,19,1,1,23.84,84,3.27335166931152,,,,,,,,,,,,,,,,,,
688,apr+AF8-28+AF8-cart+AF8-pole+AF8-grid+AF8-69+AF8-688,69,64,0.1,CartPole+AC0-v0,0.0001,False,False,150,9,1,1,22.9933333333333,86,3.28504476282332,,,,,,,,,,,,,,,,,,
674,apr+AF8-28+AF8-cart+AF8-pole+AF8-grid+AF8-68+AF8-674,68,64,0.01,CartPole+AC0-v0,0.0001,False,False,150,14,1,1,24.3133333333333,74,2.91100834097181,,,,,,,,,,,,,,,,,,
664,apr+AF8-28+AF8-cart+AF8-pole+AF8-grid+AF8-67+AF8-664,67,64,0.001,CartPole+AC0-v0,0.0001,False,False,150,56,1,1,24.1,87,2.7922648702349,,,,,,,,,,,,,,,,,,
670,apr+AF8-28+AF8-cart+AF8-pole+AF8-grid+AF8-67+AF8-670,67,64,0.001,CartPole+AC0-v0,0.0001,False,False,150,104,1,1,27.2066666666667,104,3.19824961744822,,,,,,,,,,,,,,,,,,
654,apr+AF8-28+AF8-cart+AF8-pole+AF8-grid+AF8-66+AF8-654,66,64,0.1,CartPole+AC0-v0,0.001,False,False,150,24,1,1,26.1133333333333,92,3.99979476133982,,,,,,,,,,,,,,,,,,
640,apr+AF8-28+AF8-cart+AF8-pole+AF8-grid+AF8-64+AF8-640,64,64,0.001,CartPole+AC0-v0,0.001,False,False,150,61,1,1,37.42,158,3.27914695759289,,,,,,,,,,,,,,,,,,
686,apr+AF8-28+AF8-cart+AF8-pole+AF8-grid+AF8-69+AF8-686,69,64,0.1,CartPole+AC0-v0,0.0001,False,False,150,21,1,1,23.7533333333333,68,2.68618995802743,,,,,,,,,,,,,,,,,,
668,apr+AF8-28+AF8-cart+AF8-pole+AF8-grid+AF8-67+AF8-668,67,64,0.001,CartPole+AC0-v0,0.0001,False,False,150,22,1,1,23.72,84,2.60031272064556,,,,,,,,,,,,,,,,,,
675,apr+AF8-28+AF8-cart+AF8-pole+AF8-grid+AF8-68+AF8-675,68,64,0.01,CartPole+AC0-v0,0.0001,False,False,150,81,1,1,27.8733333333333,98,3.96950195233027,,,,,,,,,,,,,,,,,,
758,apr+AF8-28+AF8-cart+AF8-pole+AF8-grid+AF8-76+AF8-758,76,124,0.001,CartPole+AC0-v0,0.0001,False,False,150,130,1,1,42.0066666666667,182,2.61969878856952,,,,,,,,,,,,,,,,,,
687,apr+AF8-28+AF8-cart+AF8-pole+AF8-grid+AF8-69+AF8-687,69,64,0.1,CartPole+AC0-v0,0.0001,False,False,150,23,1,1,25.4,66,3.48489297991214,,,,,,,,,,,,,,,,,,
683,apr+AF8-28+AF8-cart+AF8-pole+AF8-grid+AF8-69+AF8-683,69,64,0.1,CartPole+AC0-v0,0.0001,False,False,150,18,1,1,26.3133333333333,65,4.50354358885023,,,,,,,,,,,,,,,,,,
684,apr+AF8-28+AF8-cart+AF8-pole+AF8-grid+AF8-69+AF8-684,69,64,0.1,CartPole+AC0-v0,0.0001,False,False,150,23,1,1,26.08,110,9.39015102386475,,,,,,,,,,,,,,,,,,
671,apr+AF8-28+AF8-cart+AF8-pole+AF8-grid+AF8-68+AF8-671,68,64,0.01,CartPole+AC0-v0,0.0001,False,False,150,22,1,1,25.5866666666667,122,2.63630347631194,,,,,,,,,,,,,,,,,,
685,apr+AF8-28+AF8-cart+AF8-pole+AF8-grid+AF8-69+AF8-685,69,64,0.1,CartPole+AC0-v0,0.0001,False,False,150,33,1,1,26,81,5.0476407029412,,,,,,,,,,,,,,,,,,
689,apr+AF8-28+AF8-cart+AF8-pole+AF8-grid+AF8-69+AF8-689,69,64,0.1,CartPole+AC0-v0,0.0001,False,False,150,15,1,1,25.7666666666667,88,13.1619144280752,,,,,,,,,,,,,,,,,,
615,apr+AF8-28+AF8-cart+AF8-pole+AF8-grid+AF8-62+AF8-615,62,32,0.01,CartPole+AC0-v0,0.01,False,False,150,108,1,1,111.353333333333,200,2.93330779464708,,,,,,,,,,,,,,,,,,
667,apr+AF8-28+AF8-cart+AF8-pole+AF8-grid+AF8-67+AF8-667,67,64,0.001,CartPole+AC0-v0,0.0001,False,False,150,116,1,1,27.1,116,2.29138368830599,,,,,,,,,,,,,,,,,,
690,apr+AF8-28+AF8-cart+AF8-pole+AF8-grid+AF8-69+AF8-690,69,64,0.1,CartPole+AC0-v0,0.0001,False,False,150,39,1,1,27.2,88,6.37817868208274,,,,,,,,,,,,,,,,,,
798,apr+AF8-28+AF8-cart+AF8-pole+AF8-grid+AF8-80+AF8-798,80,124,0.01,CartPole+AC0-v0,0.01,False,False,150,81,1,1,34.72,126,2.5974883047151,,,,,,,,,,,,,,,,,,
663,apr+AF8-28+AF8-cart+AF8-pole+AF8-grid+AF8-67+AF8-663,67,64,0.001,CartPole+AC0-v0,0.0001,False,False,150,64,1,1,29.8933333333333,167,2.93980444781482,,,,,,,,,,,,,,,,,,
655,apr+AF8-28+AF8-cart+AF8-pole+AF8-grid+AF8-66+AF8-655,66,64,0.1,CartPole+AC0-v0,0.001,False,False,150,26,1,1,32.1466666666667,199,2.58339791573011,,,,,,,,,,,,,,,,,,
679,apr+AF8-28+AF8-cart+AF8-pole+AF8-grid+AF8-68+AF8-679,68,64,0.01,CartPole+AC0-v0,0.0001,False,False,150,36,1,1,26.8933333333333,85,3.27073687314987,,,,,,,,,,,,,,,,,,
649,apr+AF8-28+AF8-cart+AF8-pole+AF8-grid+AF8-65+AF8-649,65,64,0.01,CartPole+AC0-v0,0.001,False,False,150,61,1,1,27.3066666666667,92,2.62120587610808,,,,,,,,,,,,,,,,,,
796,apr+AF8-28+AF8-cart+AF8-pole+AF8-grid+AF8-80+AF8-796,80,124,0.01,CartPole+AC0-v0,0.01,False,False,150,200,1,1,59.9533333333333,200,3.6928880906105,,,,,,,,,,,,,,,,,,
797,apr+AF8-28+AF8-cart+AF8-pole+AF8-grid+AF8-80+AF8-797,80,124,0.01,CartPole+AC0-v0,0.01,False,False,150,65,1,1,36.8133333333333,172,1.87522831008985,,,,,,,,,,,,,,,,,,
642,apr+AF8-28+AF8-cart+AF8-pole+AF8-grid+AF8-65+AF8-642,65,64,0.01,CartPole+AC0-v0,0.001,False,False,150,37,1,1,38.5933333333333,120,3.31099929036321,,,,,,,,,,,,,,,,,,
662,apr+AF8-28+AF8-cart+AF8-pole+AF8-grid+AF8-67+AF8-662,67,64,0.001,CartPole+AC0-v0,0.0001,False,False,150,27,1,1,28.1466666666667,86,3.21911618444655,,,,,,,,,,,,,,,,,,
665,apr+AF8-28+AF8-cart+AF8-pole+AF8-grid+AF8-67+AF8-665,67,64,0.001,CartPole+AC0-v0,0.0001,False,False,150,64,1,1,28.3466666666667,93,3.14817832224071,,,,,,,,,,,,,,,,,,
657,apr+AF8-28+AF8-cart+AF8-pole+AF8-grid+AF8-66+AF8-657,66,64,0.1,CartPole+AC0-v0,0.001,False,False,150,23,1,1,28.8666666666667,105,2.39744248079217,,,,,,,,,,,,,,,,,,
678,apr+AF8-28+AF8-cart+AF8-pole+AF8-grid+AF8-68+AF8-678,68,64,0.01,CartPole+AC0-v0,0.0001,False,False,150,48,1,1,36.0666666666667,163,8.80429834624132,,,,,,,,,,,,,,,,,,
666,apr+AF8-28+AF8-cart+AF8-pole+AF8-grid+AF8-67+AF8-666,67,64,0.001,CartPole+AC0-v0,0.0001,False,False,150,44,1,1,29.48,121,3.01545231450688,,,,,,,,,,,,,,,,,,
661,apr+AF8-28+AF8-cart+AF8-pole+AF8-grid+AF8-67+AF8-661,67,64,0.001,CartPole+AC0-v0,0.0001,False,False,150,50,1,1,30.2533333333333,140,2.14151734232903,,,,,,,,,,,,,,,,,,
659,apr+AF8-28+AF8-cart+AF8-pole+AF8-grid+AF8-66+AF8-659,66,64,0.1,CartPole+AC0-v0,0.001,False,False,150,14,1,1,30.06,118,4.24856052228383,,,,,,,,,,,,,,,,,,
710,apr+AF8-28+AF8-cart+AF8-pole+AF8-grid+AF8-71+AF8-710,71,64,0.01,CartPole+AC0-v0,0.01,False,False,150,200,1,1,59.6533333333333,200,4.3332738468051,,,,,,,,,,,,,,,,,,
680,apr+AF8-28+AF8-cart+AF8-pole+AF8-grid+AF8-68+AF8-680,68,64,0.01,CartPole+AC0-v0,0.0001,False,False,150,200,1,1,38.9333333333333,200,3.89511819511652,,,,,,,,,,,,,,,,,,
660,apr+AF8-28+AF8-cart+AF8-pole+AF8-grid+AF8-66+AF8-660,66,64,0.1,CartPole+AC0-v0,0.001,False,False,150,30,1,1,33.5533333333333,116,7.38582611083984,,,,,,,,,,,,,,,,,,
769,apr+AF8-28+AF8-cart+AF8-pole+AF8-grid+AF8-77+AF8-769,77,124,0.01,CartPole+AC0-v0,0.0001,False,False,150,200,1,1,57.4666666666667,200,6.16927814662457,,,,,,,,,,,,,,,,,,
794,apr+AF8-28+AF8-cart+AF8-pole+AF8-grid+AF8-80+AF8-794,80,124,0.01,CartPole+AC0-v0,0.01,False,False,150,141,1,1,64.1733333333333,200,3.48973301201002,,,,,,,,,,,,,,,,,,
632,apr+AF8-28+AF8-cart+AF8-pole+AF8-grid+AF8-64+AF8-632,64,64,0.001,CartPole+AC0-v0,0.001,False,False,150,44,1,1,37.98,168,2.88840726288882,,,,,,,,,,,,,,,,,,
766,apr+AF8-28+AF8-cart+AF8-pole+AF8-grid+AF8-77+AF8-766,77,124,0.01,CartPole+AC0-v0,0.0001,False,False,150,195,1,1,41.1066666666667,195,3.46752974253434,,,,,,,,,,,,,,,,,,
658,apr+AF8-28+AF8-cart+AF8-pole+AF8-grid+AF8-66+AF8-658,66,64,0.1,CartPole+AC0-v0,0.001,False,False,150,45,1,1,39.6933333333333,168,4.38410800827874,,,,,,,,,,,,,,,,,,
646,apr+AF8-28+AF8-cart+AF8-pole+AF8-grid+AF8-65+AF8-646,65,64,0.01,CartPole+AC0-v0,0.001,False,False,150,200,1,1,46.6933333333333,200,3.62862385094166,,,,,,,,,,,,,,,,,,
672,apr+AF8-28+AF8-cart+AF8-pole+AF8-grid+AF8-68+AF8-672,68,64,0.01,CartPole+AC0-v0,0.0001,False,False,150,154,1,1,48.6466666666667,200,4.88579602055735,,,,,,,,,,,,,,,,,,
765,apr+AF8-28+AF8-cart+AF8-pole+AF8-grid+AF8-77+AF8-765,77,124,0.01,CartPole+AC0-v0,0.0001,False,False,150,175,1,1,44.9066666666667,200,6.27971877098083,,,,,,,,,,,,,,,,,,
560,apr+AF8-28+AF8-cart+AF8-pole+AF8-grid+AF8-56+AF8-560,56,32,0.01,CartPole+AC0-v0,0.001,False,False,150,182,1,1,139.933333333333,200,3.74463613470505,,,,,,,,,,,,,,,,,,
735,apr+AF8-28+AF8-cart+AF8-pole+AF8-grid+AF8-74+AF8-735,74,124,0.01,CartPole+AC0-v0,0.001,False,False,150,122,1,1,71.9466666666667,200,2.70209070795872,,,,,,,,,,,,,,,,,,
747,apr+AF8-28+AF8-cart+AF8-pole+AF8-grid+AF8-75+AF8-747,75,124,0.1,CartPole+AC0-v0,0.001,False,False,150,95,1,1,63.44,196,3.92980557617388,,,,,,,,,,,,,,,,,,
800,apr+AF8-28+AF8-cart+AF8-pole+AF8-grid+AF8-80+AF8-800,80,124,0.01,CartPole+AC0-v0,0.01,False,False,150,43,1,1,46.4733333333333,200,4.46570632346841,,,,,,,,,,,,,,,,,,
810,apr+AF8-28+AF8-cart+AF8-pole+AF8-grid+AF8-81+AF8-810,81,124,0.1,CartPole+AC0-v0,0.01,False,False,150,92,1,1,53.3,200,5.23370171241138,,,,,,,,,,,,,,,,,,
644,apr+AF8-28+AF8-cart+AF8-pole+AF8-grid+AF8-65+AF8-644,65,64,0.01,CartPole+AC0-v0,0.001,False,False,150,49,1,1,42.5533333333333,176,3.28794965695362,,,,,,,,,,,,,,,,,,
709,apr+AF8-28+AF8-cart+AF8-pole+AF8-grid+AF8-71+AF8-709,71,64,0.01,CartPole+AC0-v0,0.01,False,False,150,88,1,1,83.8666666666667,200,2.75585276125507,,,,,,,,,,,,,,,,,,
652,apr+AF8-28+AF8-cart+AF8-pole+AF8-grid+AF8-66+AF8-652,66,64,0.1,CartPole+AC0-v0,0.001,False,False,150,64,1,1,67.98,200,5.45481614209712,,,,,,,,,,,,,,,,,,
643,apr+AF8-28+AF8-cart+AF8-pole+AF8-grid+AF8-65+AF8-643,65,64,0.01,CartPole+AC0-v0,0.001,False,False,150,61,1,1,49.08,144,4.01331768172686,,,,,,,,,,,,,,,,,,
742,apr+AF8-28+AF8-cart+AF8-pole+AF8-grid+AF8-75+AF8-742,75,124,0.1,CartPole+AC0-v0,0.001,False,False,150,60,1,1,51.8666666666667,182,4.743430240949,,,,,,,,,,,,,,,,,,
734,apr+AF8-28+AF8-cart+AF8-pole+AF8-grid+AF8-74+AF8-734,74,124,0.01,CartPole+AC0-v0,0.001,False,False,150,119,1,1,91.5666666666667,200,2.00428184866905,,,,,,,,,,,,,,,,,,
650,apr+AF8-28+AF8-cart+AF8-pole+AF8-grid+AF8-65+AF8-650,65,64,0.01,CartPole+AC0-v0,0.001,False,False,150,200,1,1,91.4133333333333,200,3.17052029296756,,,,,,,,,,,,,,,,,,
553,apr+AF8-28+AF8-cart+AF8-pole+AF8-grid+AF8-56+AF8-553,56,32,0.01,CartPole+AC0-v0,0.001,False,False,150,200,1,1,110.74,200,5.07171147078276,,,,,,,,,,,,,,,,,,
809,apr+AF8-28+AF8-cart+AF8-pole+AF8-grid+AF8-81+AF8-809,81,124,0.1,CartPole+AC0-v0,0.01,False,False,150,18,1,1,83.58,200,5.50203509463204,,,,,,,,,,,,,,,,,,
631,apr+AF8-28+AF8-cart+AF8-pole+AF8-grid+AF8-64+AF8-631,64,64,0.001,CartPole+AC0-v0,0.001,False,False,150,200,1,1,108.886666666667,200,2.53532286308706,,,,,,,,,,,,,,,,,,
731,apr+AF8-28+AF8-cart+AF8-pole+AF8-grid+AF8-74+AF8-731,74,124,0.01,CartPole+AC0-v0,0.001,False,False,150,126,1,1,115.346666666667,200,1.62690183248312,,,,,,,,,,,,,,,,,,
554,apr+AF8-28+AF8-cart+AF8-pole+AF8-grid+AF8-56+AF8-554,56,32,0.01,CartPole+AC0-v0,0.001,False,False,150,200,1,1,128.44,200,2.71851301006973,,,,,,,,,,,,,,,,,,
799,apr+AF8-28+AF8-cart+AF8-pole+AF8-grid+AF8-80+AF8-799,80,124,0.01,CartPole+AC0-v0,0.01,False,False,150,200,1,1,94.5,200,2.14856133967638,,,,,,,,,,,,,,,,,,
741,apr+AF8-28+AF8-cart+AF8-pole+AF8-grid+AF8-75+AF8-741,75,124,0.1,CartPole+AC0-v0,0.001,False,False,150,200,1,1,110.146666666667,200,2.18642169028521,,,,,,,,,,,,,,,,,,
